시설명,온탕온도,열탕온도,냉탕온도,건식온도,습식온도,노천탕온도,시설태그,수질청결메모,입장료,세신가격,특이사항,후기발췌
강변스파랜드,,,,,,,"bulgama,cold-bath,dry-sauna,indoor-rest",,,,,추천해주신 강변스파랜드도 다녀와봤는데  여탕 냉탕은 5도까지는  아니었지만 정말 차가웠습니다
고려사우나,,,,,,,"jjimjilbang,parking",,,,,
골드로즈,,,,,,,"bulgama,jjimjilbang,open-air-bath",1. 서울사우나/ 깨끗합니다 뜨겁습니다 다만 쉴 곳이 없습니다 2. 롯데사우나/ 관리 잘|2. 롯데사우나/ 관리 잘 안됩니다 로컬목욕탕 그 자체 3. 도두해수파크/ 무난합니다,,,,
국제광천수,,,,,,,"cold-bath,dry-sauna,hot-bath,wet-sauna",진 온천이라 매우 청결했으며 특히 온천에 입장하면 히노끼 냄새가 기분좋게 코를 찌르는게 기,,,,
금진온천,,,,,,,"dry-sauna,hot-bath,massage,open-air-bath,very-hot-bath,wet-sauna",온천수라 그런지 물이 정말 좋습니다. 탕에 몸을 담그고 나오면 피부가 한층 부드러워지고|체적으로 쾌적하게 관리되고 있어 편하게 온천욕 즐기기 좋은 곳입니다. 2 photos 남자,,,식 사우나는 현재 공사 중입니다.  역시 온천탕답게 미네랄 온천수라 그런지 물이 정말 좋습|좋은편입니다!!!!꿀팁!!! 바늘은 16호이상 미끼는 갯지렁이나 개불 사용하시면 됩니다!!,객실컨디션을 따지신다면 경포에 숙소 추천드리고 (객실가 평일기준 12-20사이)
금천파크,,,,,,,"hot-bath,open-air-bath",,,,,여긴 다 모르겠고 노천탕에서 바라보는 설산뷰는 인생 최고 뷰였습니다|부산오시면 꼭 한번 가보시길 추천드려요 ♨️♨️
네이버한방스파,,,,,,,dry-sauna,,,,,
네이처스파,,46,,,,,"bulgama,food,hot-bath,open-air-bath,outdoor-rest,parking,very-hot-bath",사람 정말 많아서 관리가 잘 안된다라는 글도 봤는데 실제로 어떤가요? 주말은 어쩔수 없고|머리카락이나 불순물이 떠다닙니더. 탕 주변도 잘 안닦는지 혹은 바람으로 인해 흙이 좀 쌓|여있는데 내부탕은 깨끗해요... 어쩔수없는듯. 하지만 탕안에서 바닥에 손을 짚었더니 모래가,,,,"다만 전통 한증막에서 진짜 땀 빼는 데만 집중하고 싶다면, 추천드립니다|샤워시설이나 내부 동선은 솔직히 아쉬운 편인데, 한증막 자체는 땀이 잘 나고 열기가 충분해요"
능암탄산,,,,,,,,,,,,얼마전에 갔던 능암탄산온천은 같은 금액에 사용가능시간 (100초였던것으로 기억)이 차감되는 형식에 바람세기도 강해서 좋았습니다
대성관,,,,,,,,,,,,지내시는 곳이 어딘지 알려주시면 근처로 해서 추천드려볼게요 ♨️♨️|부산 현지인분들 추천해주세요~
대영온천,40,44,18|21,94,82,,"cold-bath,dry-sauna,hot-bath,very-hot-bath,wet-sauna",,,,,
더메디스파,,,16|22|23,98|99,,"tattoo-friendly,cold-bath,dry-sauna,indoor-rest,outdoor-rest,wet-sauna",냉탕온도(16도)로 생각보다 즐겁게 루틴|이전 냉탕온도(22-23도) 높았음|깨끗하다는 아니지만 더럽다는 아닌 정도의 관리,,,,
더앤온천,39,,19,67,,,"cold-bath,dry-sauna,hot-bath,open-air-bath,very-hot-bath,wet-sauna",,,,,
더파크스파랜드,,,,,,,,대부분 목욕탕이 청결부분이 좀 그렇더라구요  찾다가 목동 더파크스파랜드 갔었는데 호텔 사,,,,이쪽 지역에서는 좋았던 것 같아요|혹시 마포쪽 추천해주실 곳 있으시면 추천 부탁드립니다 ^^
덕구온천,42,44,24,,,42,"cold-bath,dry-sauna,hot-bath,indoor-rest,jjimjilbang,open-air-bath,outdoor-rest,scrub,very-hot-bath",,,,,다만 냉탕온도가 아쉬웠고 물냄새가 좀나는편이였습니다
도미인,39,,18,85,,,"cold-bath,dry-sauna,food,hot-bath,open-air-bath,parking,very-hot-bath",좀 많이 작은데 깨끗해요 헬스장이랑 바로붙어있어서 운동하고 풍덩하기 좋습니다 투숙객이 1,15000,,특징  기존 호텔 리뉴얼 → 전반적으로 일본 비즈니스 호텔 느낌  객실 컨디션 무난 (크기|인같은 도미인으로 리뉴얼했더라구용 ㅎㅎ객실도 탕도 정말 딱 제 기준 가이드에 간당간당한데|식   💡개인적인 꿀팁💡 1. 메인탕 콜드 필로우에 귀를 살짝 대보면 물 떨어지는 소리가|냉탕 물로 작은 수건 적시기 -> 메인탕 콜드 필로우에서 시원한 수건 얼굴에 덮고 휴식,❄ 온탕 아이스필로우 있음 (만족도 높음)|강남 도미인은 가성비 진짜 좋아용 ㅎㅎ 인사동 도미인은 솔직히 위치가 다했죠
라성스파,,,,,,,"cold-bath,dry-sauna,very-hot-bath",,,,,
레몬사우나,40,42|43,15,93,64,,"cold-bath,dry-sauna,hot-bath,indoor-rest,open-air-bath,outdoor-rest,scrub,very-hot-bath,wet-sauna",로 너무 깔끔하고 깨끗한 사우나 이용 할 수 있는게 장점 같습니다.|귀여운 포인트. 수질 및 컨디션 전반적으로 깨끗한 편(중상 수준)이며 관리 상태도 나쁘지|컨디션 전반적으로 깨끗한 편(중상 수준)이며 관리 상태도 나쁘지 않습니다. 아쉬운 점  건,8600,,레몬사우나 내기욕 꿀팁 : 탕안에 세신 침대가 두개가 있는데 하나는 거의 사용 안 하셔서|우나 후기 정리  리뉴얼한 동네 목욕탕의 정석. 규모는 작지만 구성은 꽤 알찬 편입니다.,레몬 사우나 추천 많이 하셔서 다녀왔습니다|특징 온탕에 진짜 레몬이 둥둥 떠 있는 ‘레몬온탕이 귀여운곳
로데오스파,,,,,,,"bulgama,cold-bath,massage",,,,,
보리사우나,,,,,,,"bulgama,cold-bath,hot-bath",,,,,
봉일스파,,,,,,,,,,,,
블루스파,,,,,,,scrub,,,,,
블루오션,,,,,,,dry-sauna,,,,브 위에서 물적신 수건 짜던 어머님이 생각나네요...,
산방산,,,,,,,"cold-bath,dry-sauna,food,hot-bath,open-air-bath,outdoor-rest,very-hot-bath",,10000,,,제주 바람 맞으면서 힐링 가능|어제 산방산 탄산 온천 다녀왔는데 너무 좋았어요
삼호궁전,,,,,,,"cold-bath,jjimjilbang,scrub",,,,,"인생사우나는 포시즌스|저는 삼호궁전사우나를 좋아하는데요, 온도별로 사우나가 다양하게 마련되어있고, 급냉탕도 있더라구요"
상암불꽃,,,,,,,scrub,,,,,
선수촌사우나,,,,,,,"cold-bath,parking,scrub",,,,,"주차 아저씨의 친절함이 일단 좋았고,|냉탕은 구석 불편한 동선에 진짜 작고 가기 불편한데 높이는 허리까지 오고 신기하게도 냉탕들어갔다 나오니 토토노이 뽐뿌 진짜 잘 오더라구요"
설해원,40,,20,,,42,"cold-bath,dry-sauna,hot-bath,open-air-bath,outdoor-rest,very-hot-bath,wet-sauna",,,,,아쉬운대로 경원재라도|오늘 설해원&면역공방 다녀왔는데 최고였어요
소노캄,,,23,75,54,,"cold-bath,dry-sauna,open-air-bath,wet-sauna",,,,,"고양 소노캄 사우나 추천입니다|크진 않아도 습식, 건식 모두 있는데 전 습식이 특히 좋았어요"
솔로사우나,,,,,,,"cold-bath,dry-sauna,hot-bath,indoor-rest,jjimjilbang,massage,outdoor-rest",,,,"포인트가 얼음에 물수건이랑 물 담아서 준비해 주신 부분이었습니다,, 차가운 물수건을 사우나",저도 솔로 사우나 레포 좋았어요|사우나 내부 손잡이는 열전도율이 낮은 소재로 감싸져있는 디테일 포인트도 좋았습니다
쉐레이,40,,,95|100,52,,"aufguss,bulgama,cold-bath,dry-sauna,food,hot-bath,indoor-rest,jjimjilbang,open-air-bath,outdoor-rest,parking,scrub,very-hot-bath,wet-sauna",👍👍 암반수 냉탕 수질 쵝오~♥️  작은 규모지만 관리가 잘 되는 느낌을 주었으며 갠적으로|작은 규모지만 관리가 잘 되는 느낌을 주었으며 갠적으로 대규모보다 소규모 선호합니다.|고 왔습니다.   수질 그닥 훌륭하지 않았고  습식 그닥 훌륭하지 않았고  이용객들이 죄다,,,,"작은 규모+주차😭 때문에 재방문은 쉽지 않을 듯 싶지만, 특히 쉐레이만의 냉탕 특유 쾌적함은 확실히 있었습니다|그래도 참숯멍~하는동안은 좋았습니다"
스파디움,,,,,,,"cold-bath,dry-sauna,hot-bath,open-air-bath",,13000,,개운했습니다ㅋㅋ  수건도 쌓아두어서 눈치보지않고 쓸 수 있고 어메니티 비치된것도 나쁘지않고,사우나 후에 이 팩 하니 좋았어요|거즈면 떼지않고 붙이니 머리말릴때도 머리카락 안달라붙고 좋더라구요ㅎㅎ 추천 드려봅니다🤭
스파렉스,,,,,,,,,,,,
신라호텔,,,,,,,"outdoor-rest,wet-sauna",,,,,
신북온천,,42,,,,,"cold-bath,hot-bath,indoor-rest,massage,open-air-bath,very-hot-bath","으로 시설이 넓고 깨끗한 편이었으며, 노천탕은 크지는 않지만 공기가 좋고 쾌적한 분위기였습|능했고, 전체적인 관리 상태나 분위기는   도고파라다이스나 페르메덴보다 더 관리가 잘 된",,,,
실로암사우나,,,,,,,"cold-bath,food,scrub,very-hot-bath",식 오래됐음에도  관리 깨~~~~에끗해~(사랑)  추가로 사우나앞에  진우식당 백반 무조건,,,,"탕 종류도 5개 정도 있도 사우나도 있어서 좋았습니다 … 👍|저,, 오늘 힐링데이를 보내보려고 해요:)"
아난티,,,,,,,open-air-bath,,,,,
아쿠아필드,,,,,,,"jjimjilbang,parking",,,,,"오늘 생일 기념으로 아쿠아필드 하남 다녀왔는데, 평일에도 너무 사람 많을까봐 걱정했는데 너무 만족하고 와서 후기 남겨요"
안토사우나,38,41,19,,,,"bulgama,cold-bath,dry-sauna,hot-bath,indoor-rest,open-air-bath,outdoor-rest,scrub,very-hot-bath,wet-sauna","진짜 생맥주 관리 잘 되어 있고, 그 한잔을 사우나 후에 마시잖아요? 약간 발꼬락끝까|작지만 깔끔하고 수질 관리가 잘 되는 편입니다.  다만 지하 2층에 위치해 환기 시설이|만 깔끔하고 수질 관리가 잘 되는 편입니다.  다만 지하 2층에 위치해 환기 시설이 다소",,,,만족하셨다니 다행입니다ㅜㅜ여탕은 저도안가봐서 상세설명을 못드렷어요ㅠㅠ|^^ 추천해주신곳 또 가보는 재미가 좋습니다-
영빈호텔,,,,,,,cold-bath,,,,,"냉탕 온도가 덜 차가운게 살짝 아쉬웠는데, 전반적으로 시설이 쾌적했었어서 추천드립니다"
오라카이,,,21,,,,"cold-bath,dry-sauna,food,hot-bath,jjimjilbang,open-air-bath,parking,very-hot-bath,wet-sauna",", 시설 깔끔하고 수질도 공간도 쾌적했습니다.   다만, 저는 냉탕 온도 더 낮은걸 좋아해",,,아쉬운점은 ... 수건이 너무 작아서 머리듀건이 잘안됏던 점 ㅠㅠㅋㅋㅋ 앞으론 헤어캡만 하,"다만, 저는 냉탕 온도 더 낮은걸 좋아해서, 굳이 일부러 재방문은 안할것 같아요|다만 휴식공간이 없던건 좀 아쉬운데"
우리유황,,,,,,,"bulgama,cold-bath,dry-sauna,food,hot-bath,indoor-rest,massage,outdoor-rest,parking,very-hot-bath,wet-sauna",~~에끗 했어요. 수질??  말해모해 온천인데 ~👍👍👍 최근 다녀본 사우나중 외기욕 공간이|리 굿굿굿~👍👍👍 관리가 쉽지않을 규모임에도 깨~~에끗 했어요. 수질??  말해모해 온천인|2번가보고 물ㅇ 미끌미끌하니 조아서 10회권 끊었어요~ 건식사우나도 안에 있어서 좋답니다,,,,재방문 의사 있습니다
우이령불가마,,,11,87,67,,"bulgama,cold-bath,dry-sauna,hot-bath,jjimjilbang,very-hot-bath,wet-sauna",".  탕들은 물은 깨끗했고, 냉탕 온도가 무려 11도입니다 11도….!!!!  시설은 찜질",,,,재방문의사 : 냉탕때문에 올수도있겠다
월문온천,,,,,,,open-air-bath,,,,,
웨스틴조선,,43,18,,,,"cold-bath,dry-sauna,hot-bath,massage,scrub,very-hot-bath,wet-sauna","습니다.   물도 깨끗, 교양넘치고 흰머리 넘치고 피부 깨끗하고 19호정도로 밝은 ,온몸에",27500|17000,,"락커 중간중간에 수건과 가운이 있는데, 그게 없더라구요. 그래서 또 머쓱할뻔했는데 상당히|심지어 습식사우나 공사중이었음(3/13일기준)  건식하나 83도 정도_그래도 바닥 사이즈",그거 하고나서 얼음미스트샤워를 샤악 한 후 ><냉탕 들어가서 아 진짜 세상 별거없다 너무 행복하다 라는 생각을 하게 만들어줬어요|가운이 진짜 좋아서 자체만으로 부의 기운을 느껴버렸어요
유천스파,,,,,,,"bulgama,cold-bath,wet-sauna",,,,,
율암온천,,44,,,,,"bulgama,cold-bath,hot-bath,jjimjilbang,open-air-bath,tattoo-friendly,very-hot-bath",암온천과 비교해서 수질 관리는 잘 되고 있는 느낌이나 온천수는 율암이 더 부드러운 느낌이었|에 다른 미지근한 물이 있는 탕이 크게 있고 깊지 않아서 어린아이들이 놀기 딱 좋아보였습니|과 비교해서 수질 관리는 잘 되고 있는 느낌이나 온천수는 율암이 더 부드러운 느낌이었습니다,,,,물만 생각하면 율암온천 추천드립니다 샤워기 틀면 몸에 닿는 물이 달라서|그리고 율암은 가실거면 가능한 이른 시간대에 가시는걸 추천드립니다
제일유황,,,,,,,"indoor-rest,open-air-bath",,,,,
조선팰리스,,,,,,,"cold-bath,dry-sauna,hot-bath,scrub,wet-sauna",,,,,"5성 호텔 사우나인데 세신 서비스가 있는게 조선 다웠고, 고급스럽고 한가했으나, 파우더룸에 의자가 없는게 아쉬웠습니다"
척산온천,,,,,,,"cold-bath,indoor-rest",,,,,
청춘목욕탕,,,,,,,"cold-bath,dry-sauna,food,hot-bath,indoor-rest,jjimjilbang,scrub,very-hot-bath,wet-sauna","이라 신삥새삥 완전깨끗 쥔장님 겁나 친절 건식, 습식사우나 쵝오~!!  단점은 오후 6시|친절히 맞아주시고 깨끗합니다~!! 요런 동네 목욕탕이 지속되길 바래보며~♡ 소상공인 자영업|이용하시고 그래도 청결한곳을 찾아다니신다면 한번쯤은~♨️",,,동네 목욕탕인데 공사하고 새로 오픈한지 얼마안되서 겁~나 깨끗해요. 쥔장님 몹시도 친절(|바로 붙어 있어서 수건으로 열탕의 온기를 적셔서 목에 배고 자면 찜질이 되는 느낌입니다.,분당구 정자동 <청춘목욕탕> 조심스레 추천합니다|새로 오픈한곳이라 신삥새삥 완전깨끗 쥔장님 겁나 친절
클럽케이,,,,,,,"cold-bath,jjimjilbang,open-air-bath,outdoor-rest,wet-sauna","좋네요 구축이라도 관리가 철저한곳, 사람많지 않은곳 여기 디벨로퍼중에, 노천탕있는 아파트",,,,"그러게요 최근 추천한데들 가보면 제 시선에선, 한두개씩 부족한점 이 있어서 아 그래서 완변한곳은 추천을 안해주는구나 싶더라구요 ㅎㅎ|최근 간곳, 클럽케이 / 더힐링스테이 / 주심유황, 레몬은 갈려고 고민중 ㅎㅎ"
파크로쉬,,,,,,,"dry-sauna,indoor-rest,open-air-bath",,,,"파크로쉬도 수건을 자유롭게 쓸 수 있는데, 수건을 잠시 걸어둘 행거가 네개 뿐이다","최근 간 곳들은 토토파, CYCL, FUUA 등이고, 한국에서 제일 좋았던 곳은 파크로쉬 입니다|개인적으로는 파크로쉬와 비슷한 수준의 목욕탕·사우나 퀄리티라고 느껴질 정도로 만족도가 높았습니다"
풍림사우나,,,,,,,"dry-sauna,very-hot-bath,wet-sauna",,,,,
프리마스파,41,43,13,100,,42,"cold-bath,dry-sauna,hot-bath,indoor-rest,massage,open-air-bath,outdoor-rest,parking,scrub,tattoo-friendly,very-hot-bath,wet-sauna",놨는데 살짝 나무 관리상태가 안 좋아서 그 부분은 아쉬웠고요. 외부에 눈이 와서 미끄럼 방|갔는데 야외 온천관리와 사우나 온도가 너무 좋더라구요 ! 100도 건식과 특히 습식도 제|알겠다 정도의 깔끔깨끗뽀송관리라서   바로 10회권 끊었습니다................,28000,60000,"식 사우나 내부에 수건을 전부 깔아놨는데 살짝 나무 관리상태가 안 좋아서 그 부분은 아쉬웠|고퀄이에요 두곳다 24시간이라 시간제약없이갈수있어서 좋아요!|후기]  남자: 24시간  여자: 06시부터 오픈, 24시까지  28,000원 입욕권 +",가볍게 샤워 후 냉탕갔다가 내기욕 누울 수 있는 동선이 좋았습니다|건식 사우나 내부에 수건을 전부 깔아놨는데 살짝 나무 관리상태가 안 좋아서 그 부분은 아쉬웠고요
하이디하우스,38|40|42,,19|25,70|80,45,38,"cold-bath,dry-sauna,food,open-air-bath,self-loyly,wet-sauna",,,,,시설은 국내 사우나 중에서는 최고로 다양하고 좋은것같은데 가격이 10만원이라 그부분은 아쉽네요|루틴하기에 동선이 아쉬웠습니다
한화리조트,,,,,,,dry-sauna,,,,,
해미안,,,,,,,"cold-bath,food,open-air-bath,outdoor-rest",,,,,"해미안도 추천이 좀 있던데, 저 3번정도 가봣는데 노천탕이 좀 더럽습니다"
허심청,,,,,,,"bulgama,cold-bath,food,open-air-bath,outdoor-rest",있는 것도 좋아요 수질도 매끈하고요 청결상태나 시설이 좀 아쉽지만 콘텐츠 자체가 좋기에 종|수질도 매끈하고요 청결상태나 시설이 좀 아쉽지만 콘텐츠 자체가 좋기에 종종 가게되요! 욕장|선 사우나 작지만 깨끗하고 좋습니다!!!사람도별로없고 물도 엄청 깨끗해용 ㅎㅎ허심청은 사실,,,,확실한건 아니구요 누가 근데 추천하긴 하던데|혹시 허심청 가실거면 농심호텔1층 뷔페 추천드립니다
홍삼스파,,,,,,,,,,,"홍삼은 24시간, 가야랜드는 6시넘으면 못들어가십니다. 9to6 직장인이시라면|막힌집이 있었는데 폐업해서… 근처 통일동산쪽에 최고야짬뽕 맛있습니다",건너편에 해물칼국수 기가막힌집이 있었는데 폐업해서… 근처 통일동산쪽에 최고야짬뽕 맛있습니다
황금스파,,,,,,,open-air-bath,,,,,
휘경인삼,,,,,,,food,고 제 기준 냄새/위생이 너무 안좋은것 같아요 수압도 약하고…ㅠㅠ 진짜 이런줄 알았으면 안,,,,
힐스파,,,,,,,"cold-bath,dry-sauna,hot-bath,indoor-rest,jjimjilbang,open-air-bath,outdoor-rest,very-hot-bath,wet-sauna",코로나 이전보다 관리가 조금 덜 되는거같아 요즘은 잘 안가지더라구요 ..ㅠ 주말 피해서|래된 곳인데 항상 깨끗하고 프라이드를 잘 유지해주는 곳 같아요. 그래서 늘 띄엄띄엄 가도,,,길 수있는 곳이며 24시 찜질방도 운영하여 1박2일로도 온천과 찜질을 즐길 수 있는곳입니다,한번쯤은 꼭 추천드려요 ☺️
