#,시설,추가 태그,온도,메모/키워드,주의사항,확인
1,설해원,"dry-sauna, cold-bath, open-air-bath, hot-bath, outdoor-rest","건식120(체감80-90), 냉23, 노천42, 온탕42",여태 최고 토토노이. 노천탕 3:30 새물,,
2,허심청,"hot-bath, cold-bath",,서울에 있다면 주1회. 20년역사,,
3,프리마스파,"open-air-bath, cold-bath, outdoor-rest, massage",냉탕17-20,갓성비 사우나,⚠️ 문신금지 강화 → tattoo 제거?,
4,에가톳 제주,—,,시드에서 삭제됨,스킵,❌
5,파크로쉬,—,,한국 제일. 구체적 태그 없음,,
6,스파디움24,jjimjilbang,,쑥방/구름방/피톤치드방,,
7,아쿠아필드 하남/고양,aufguss,,주말 열풍사 이벤트,,
8,한별불가마사우나,"bulgama, scrub, massage",,남자 세신 맘놓고 추천,,
9,우리유황온천,hot-bath,,유황 온천수,,
10,능암 탄산온천,hot-bath,,천연 탄산온천,,
11,더메디스파 신사,—,,,⚠️ 문신금지 강화 → tattoo 제거?,
12,TOTOPA,"cold-bath, outdoor-rest",,핀란드 스타일. 디자인 예쁨,,
13,오사카 DESSE,—,,기가 막히네요,,
14,Kuusijärvi,—,,16유로. 모던깔끔. 호수뷰,,
,,,,,,
#,시설,추가 태그,온도,메모/키워드,주의사항,확인
15,상암불꽃사우나,"wet-sauna, dry-sauna",,습식+건식,,
16,척산온천,hot-bath,,강원 온천 추천 세트,,
17,블루오션웰니스스파,jjimjilbang,,남녀공용. 커뮤니티 모임 장소,,
18,로데오스파,bulgama,,원적외선 한증막 강함,,
19,삼호궁전사우나,—,,커뮤니티 멤버 최애,,
20,아라고나이트 고온천,hot-bath|open-air-bath,,디아넥스호텔 부대시설. 수영장+노천탕+사우나. 사전예약필수,,
21,해피황토사우나,"cold-bath, wet-sauna, dry-sauna",,냉수탕 지하암반수. 관리 좋음,,
22,필예온천,hot-bath,,강원 온천 추천 세트,,
23,안토사우나,dry-sauna,,12만원(강북구민30%↓). 객실사우나,,
24,금천파크온천,hot-bath,,부산 로컬들이 사랑하는,,
25,갈곶목욕탕,—,,정착은 갈곶으로. 전통 동네목욕탕,,
26,청춘목욕탕,—,,32회 언급. 서울에 이런곳 생기면...,,
27,Sauna Tokyo,aufguss,,아우프구스 퍼포먼스. 슐렝2025 2위,,
28,Wagamachi Sauna,—,,구체적 태그 없음,,
29,Onyado Nono Namba,—,,구체적 태그 없음,,
30,Rauhaniemi Folk Spa,—,,핀란드에서 가장 핫한 사우나,,
