시설명,온탕온도,열탕온도,냉탕온도,건식온도,습식온도,시설태그,수질/청결메모,가격,특이사항,후기키워드
강변스파랜드,,,,,,"bulgama,cold-bath,dry-sauna,jjimjilbang,store,wet-sauna",저녁8시 물가는시간이라 8시넘어서가면 아주아주깨끗합니다 | 강변스파랜드 시설이 좀노후하긴해죠...여탕이 온도가 어마어마하게 낮네요...오늘도 바삐 움직여보도록 하겠습니다!!,,우리유황은 저도 낮에만가봐서....그럴땐 강변스파랜드 가시면ㅎㅎ24시간... | 예약완료인데 급한일이 생겨 방문이,"꿀팁,좋았,최고,추천,핫플"
계룡스파,,,,,,"cold-bath,hot-bath,wet-sauna",,,,"좋아,추천"
고려사우나,,,,,,"cold-bath,jjimjilbang,parking",그 순간 전신 혈액 순환이 쫘~~악 되는 기분이었고 머리도 맑아지고 (짜릿함은 기본) 의사쌤도 과하게 하지말고 2~3세트 권하셔서 지금도 무리하지않는 선에서 2~3세트하고 있습니다,,무료주차도 무려 7시간 지원입니다. 수서에서 오신다면 고려사우나와 하비오찜질방이 그나마 가까우실 것 같아요🥹,"만족,아쉬,좋아,좋았,추천"
광안해수월드,,,,,,,부산 광안해수월드도 물 좋습니다 :) 추천드려요. 시설이 깔끔하고요,,,"괜찮,별로,좋았,최고,추천"
국제광천수온천,,,,,,"cold-bath,dry-sauna,warm-bath,wet-sauna",최근에 지어진 온천이라 매우 청결했으며 특히 온천에 입장하면 히노끼 냄새가 기분좋게 코를 찌르는게 기억에 남았습니다😍,,,"강추,별로,좋아,추천"
금진온천,39,41,,,,"dry-sauna,hot-bath,outdoor-bath,warm-bath,wet-sauna",강릉 금진온천 넘 좋았어요. 탕이 진짜 깨끗하고(호텔식) 심지어 탕 안에 큰 스크린이 있어서 티비보며 목욕... 물은 미네랄이 풍부하고 갈색의 향이었어요! | 탕 내부도 꽤 넓은 편이고 전체적으로 쾌적하게 관리되고 있어,"11,000원",,"좋아,좋았,추천"
금천파크온천,,,,,,"cold-bath,dry-sauna,outdoor-air,warm-bath,wet-sauna","넓고 깔끔한곳 좋아하시면 해운대온천센터 | 2. 더럽다 수준의 관리 | 이 두개가 가장 컸는데, 금일 근처에서 일정이 있어 들렸고 곧 폐업이라 관리가 더 악화되었을까봐 걱정 했는데, 오히려 아주 깨끗하다는 아니지만 더럽다는 아닌 정도의 관리 상태와 낮",,"이 두개가 가장 컸는데, 금일 근처에서 일정이 있어 들렸고 곧 폐업이라 관리가 더 악화되었을까봐 걱정 했는데, 오히려 아주 깨끗하다는 아니지만 더럽다는 아닌 정도의 관리 상태와 낮","아쉬,좋아,좋았,추천"
김녕용암해수사우나,,,,,,,,,,
네이버한방스파,,,,,,dry-sauna,"조오금은 더 거리 있지만 하남사우나 (동네사우나, 건식이 매우 굿) / 네이버한방스파 (깔끔하고 찜방 구성이 알참) 도 괜찮았습니다! 남자시면 디자이너스에 있는것도 괜찮다 들었어요 | 그렇군요~~ 그럼 더파크스파랜드 가보셔요 네이버한방스파보다는 훨씬 크기나 위생면에서 좋았던 것 같아요!!",,돈 많이벌어서 드래곤힐스파 매입해서 싹 리뉴얼해서 재오픈 하고싶네요 ㅎ,"괜찮,좋았,추천"
네이처스파,,46,,,,"hot-bath,jjimjilbang,outdoor-air,outdoor-bath,parking,store,warm-bath","네이처스파 사람 정말 많아서 관리가 잘 안된다라는 글도 봤는데 실제로 어떤가요? 주말은 어쩔수 없고 평일에 가면 괜탆을까요?🥹 | 노천탕을 좋아하는지라 노천탕이 있는 사우나가 늘어났으면 하는 바램입니다. 그리고 내기욕, 외기욕 공간이 잘 마련되어있는 곳이면 더욱 좋을 것 같습니다. 탕의 수질과 사우나 온도도  | 지방재배치 하고 한달되자마자 연차 끊고 뚜벅이로 다녀왔습니다. 합정에서 버스타고 35분소요 10분정도 걸어올라가야 해요. 내리고보니 흑백요리사 땡모쉐프가 새로 식당낸다던 한식의 격",,,"괜찮,만족,아쉬,좋아,좋았,추천"
달리고사우나,,,,,,,,,,
대성관,,,,,,,,,,"좋아,추천"
대영온천,,,,,,,,,,"괜찮,추천"
대영해수온천,40,44,21,94,82,"cold-bath,dry-sauna,hot-bath,pool,warm-bath,wet-sauna",,,,
더메디스파,,,,,,seshin,,,더메디스파 바로 맞은편에 여성전용 24시 사우나도 있어요!,"좋아,추천"
더앤리조트온천,,,,,,"cold-bath,hot-bath,outdoor-air,outdoor-bath,warm-bath,wet-sauna",노천탕1(온도관리 정말안됩니다 34도내외),"8만원 / 13만원 / 3만원 / 22,000원",,추천
더앤온천,39,,19,67,,"cold-bath,dry-sauna,outdoor-bath,pool,warm-bath",,22만원 / 11만원 / 5만원 / 4만원,,좋아
더파크스파,,,,,,,호텔 사우나를 제외하고는 청결부분에서 그래도 | 그렇군요~~ 그럼 더파크스파랜드 가보셔요 네이버한방스파보다는 훨씬 크기나 위생면에서 좋았던 것 같아요!!,,,"괜찮,좋았,추천"
덕구온천,42,44,24,70,,"cold-bath,dry-sauna,hot-bath,jjimjilbang,outdoor-air,outdoor-bath,seshin,warm-bath",다만 냉탕온도가 아쉬웠고 물냄새가 좀나는편이였습니다,,,"아쉬,좋아,추천"
덕산온천,,,,,,cold-bath,스플라스 리솜도 거기있을텐데 저갔을때는 물은 깨끗한편이였는데 내부 물냄새가 좀심하고 물곰팡이가 지나치게 많긴했어요,,,"최고,추천"
도고온천,,,,,,,,,,좋아
도쿄사우나,,,,,,,,,,최고
동아온천사우나,,,,,,,,,,좋아
드래곤힐스파,,,,,,jjimjilbang,,,돈 많이벌어서 드래곤힐스파 매입해서 싹 리뉴얼해서 재오픈 하고싶네요 ㅎ,
라성스파,,,,,,"cold-bath,dry-sauna,hot-bath,jjimjilbang,outdoor-air,outdoor-bath,warm-bath,wet-sauna",수질 그닥 훌륭하지 않았고,,,"괜찮,좋아,훌륭"
레몬사우나,40,43,15,93,64,"cold-bath,dry-sauna,hot-bath,outdoor-air,outdoor-bath,seshin,warm-bath,wet-sauna",월등히 좋은 수질과 프라이빗은 | 정말 많이 깨끗하단 거~👍 | 광장동 레몬사우나 깔끔해요! 어제 다녀왔는데☺️세신은 안받아봤네요..,,리뉴얼한 동네 목욕탕의 정석.,"괜찮,꿀팁,만족,아쉬,좋아,좋았,최고,추천"
로데오스파,,,,,,"cold-bath,dry-sauna,jjimjilbang","로데오스파 우선 한양타운상가 지하에 있어서 쾌적함은 없고, 대신 강력한 원적외선 한증막이 있어서 좋습니다. 시설은 동네 목욕탕 수준이구요~ 대신 한증막이랑 냉탕 차가운거 좋아하시는",,로데오스파 가보신 분 계실까요? 한양타운에 있는데 최근 리모델링 한 것 같아요,"좋아,추천"
롯데사우나,,,,,,"cold-bath,jjimjilbang,outdoor-bath,pool",그 순간 전신 혈액 순환이 쫘~~악 되는 기분이었고 머리도 맑아지고 (짜릿함은 기본) 의사쌤도 과하게 하지말고 2~3세트 권하셔서 지금도 무리하지않는 선에서 2~3세트하고 있습니다 | 노후화된 곳들이 많다보니 제주 동네목욕탕들은 그렇게 깨끗하지는 않아요. | 1. 서울사우나/ 깨끗합니다 뜨겁습니다 다만 쉴 곳이 없습니다,,,좋아
메가스파,,,,,,pool,,,,"괜찮,좋아,추천"
백두산천지온천,,,,,,outdoor-bath,,,,"괜찮,추천"
백제인삼사우나,,,,,,seshin,,,,추천
보리사우나,,,,,,"cold-bath,jjimjilbang,warm-bath",전 신사 스파레이는 생각보다 깨끗한 느낌은 아니었어요... 그래서 차라리 규모는 작지만 보리사우나로 가긴해요~ | 보리사우나 탕욕하기에는 탕이 온탕 냉탕 하나씩이고 작아서 좀 그런데 막은 진짜 뜨겁고 좋아요~ 담배 냄새는 좀 나구요ㅠ 팁까지는 아니지만 여기서 한증막하고 주변에 젠제로라는 젤라또,,,좋아
보석사우나,,,,,,"jjimjilbang,seshin",분당에 청춘목욕탕 새로 생겨서 깔끔하고 좋아요..! 세신도 만족스럽고요 | 양재에 삼호궁전보석사우나는 오랜만에 가봤는데 탕도 탈의실도 전혀 관리안되고 너무 별로였어요..,,아 청춘목욕탕은 기존 있던곳 리모델링**,"갈만,강추,괜찮,만족,별로,좋아,추천"
블루스파,,,,,,seshin,,,,"괜찮,좋아"
블루오션웰니스스파,,,,,,,,,,
산방산탄산온천,,,,,,,,,,만족
삼호궁전사우나,,,,,,"cold-bath,outdoor-air,outdoor-bath,seshin",,,,"별로,인생,좋아,추천"
상암불꽃사우나,,,,,,seshin,,,,
선수촌사우나,,,,,,"jjimjilbang,parking",클래식 스타일인데 저는 선수촌사우나 자주 갑니다. 물관리 좋고 깔끔합니다.,,,"좋아,최고"
설해원,40,,20,,,"cold-bath,dry-sauna,hot-bath,outdoor-air,outdoor-bath,pool,seshin,store,warm-bath,wet-sauna",설해원 사우나 너무 좋았어요.. 5년이나 넘어서 오래된 기억이지만 쾌적하고 노천탕도 좋었어요! | @매끈이 / 서울 송파 ☆청춘목욕탕☆은 제가 몇번 소개해드렸는데요~ 막 디게 특별한 사우나는 아니고 동네 목욕탕인데 공사하고 새로 오픈한지 얼마안되서 겁~나 깨끗해요. 쥔장님 몹시 | 분당구민은 무조건 방문해보시고 원거리 크루분들은 그냥 동네 이용하시고 그래도 청결한곳을 찾아다니신다면,"8만원 / 13만원 / 3만원 / 22,000원",">> 타투 관련 문구는 보이지 않아서 확답은 하기어렵지만, 아예 금지는 아닌 것 같아요. 일본 여행갈때 혹시나 해서 늘 걱정하는데, 작은 타투들 몇개있는데 크게 다른 코멘트 없었습 | @매끈이 / 서울 송파 ☆청춘목욕탕☆은 제가 몇번 소개해드렸는데요~ 막 디게 특별한 사우나는 아니고 동네 목욕탕인데 공사하고 새로 오픈한지 얼마안되서 겁~나 깨끗해요. 쥔장님 몹시 | 유원재.......항상 예약실패....너무비싸용 근데 너무좋데요....아쉬운대로 경원재라도......ㅋㅋㅋㅋ","가성비,아쉬,좋아,좋았,최고,추천"
센토사우나,,,,,,,"좋아하는 사우나는 시설이 깨끗한 관리가 ( 수건 상태, 청결상태 등등)  사우나를 좋아합니다",,,좋아
솔기온천,,,,,,outdoor-bath,소노벨 시설 좋고 깨끗하고 노천하기도 좋아요! 다만 겨울 극성수기에 갔더니 대기 걸어놓고 입장했었던.. 평소엔 어떨지 모르겠네요. | 저는 소노벨 솔샘온천도 좋아하지만 청송 솔기온천도 좋아해요. 널찍한 동네 목욕탕인데 깨끗하게 잘 관리되고 있어요. | 저도 솔기온천 좋더라구요! 물도 깨끗하고 매끈하니 좋았던 기억이.. ㅎㅎ,,,"좋아,좋았,추천"
솔로사우나,,,,,,"cold-bath,dry-sauna,jjimjilbang,outdoor-air,warm-bath",,,,"괜찮,대박,아쉬,좋았,최고,추천"
솔샘온천,,,,,,outdoor-bath,소노벨 시설 좋고 깨끗하고 노천하기도 좋아요! 다만 겨울 극성수기에 갔더니 대기 걸어놓고 입장했었던.. 평소엔 어떨지 모르겠네요. | 저는 소노벨 솔샘온천도 좋아하지만 청송 솔기온천도 좋아해요. 널찍한 동네 목욕탕인데 깨끗하게 잘 관리되고 있어요. | 저도 솔기온천 좋더라구요! 물도 깨끗하고 매끈하니 좋았던 기억이.. ㅎㅎ,,,"좋아,좋았"
쉐레이암반수,42,42,,,,"cold-bath,hot-bath,outdoor-air,outdoor-bath,warm-bath,wet-sauna","노천탕을 좋아하는지라 노천탕이 있는 사우나가 늘어났으면 하는 바램입니다. 그리고 내기욕, 외기욕 공간이 잘 마련되어있는 곳이면 더욱 좋을 것 같습니다. 탕의 수질과 사우나 온도도 ",,,"괜찮,좋아,추천"
스파디움24,41,,23,,,"cold-bath,dry-sauna,jjimjilbang,outdoor-bath,warm-bath",네네 저는 원래 스파디움만 계속 다니다가 여기와서 새로운데 찾게된거예용ㅋㅋ 시간대 잘 맞추면 사람 많지않고 쾌적해서 애용하고있어요ㅎㅎ | 인위적이지만 깨끗하고 가깝고 한번도 안가보셧다면 파크하비오스파랑 다산 스파디움24 추천드려요!!!,"13,000원 / 33,000원",ㅋㅋ우왕! 새벽 아니구 그냥 낮에요? | 수건도 쌓아두어서 눈치보지않고 쓸 수 있고 어메니티 비치된것도 나쁘지않고 개인적으로 드라이기 무료라 긴머리인 저에게는 만족도 높은 포인트입니다ㅎㅎ | 내일 “해장사우나” 태생최초(제 기억 기준) 해볼게요(성수 미팅이라서 새벽에 그근처 갈 예정),"가성비,만족,좋았,추천"
시부야사우나,,,,,,"bulgama,cold-bath,dry-sauna,outdoor-air,outdoor-bath,wet-sauna",뜨거운 열기와 한방냄새가 나서 만족스러웠습니다! 용산 드래곤시티는 습식사우나를 더 자주 애용하게 될것 같아요 :) | 쾌적 했습니다!,,,"만족,아쉬,좋아,추천"
신북온천,,,,,,"charcoal,cold-bath,dry-sauna,hot-bath,outdoor-bath,warm-bath,wet-sauna","전체적으로 시설이 넓고 깨끗한 편이었으며, | 노천탕은 크지는 않지만 공기가 좋고 쾌적한 분위기였습니다. | 전체적인 관리 상태나 분위기는","33,000원",,"가성비,좋았,추천"
실로암사우나,,,,,,"cold-bath,dry-sauna,hot-bath,jjimjilbang,outdoor-air,outdoor-bath,seshin,store,warm-bath,wet-sauna",수질 그닥 훌륭하지 않았고 | 관리 깨~~~~에끗해~(사랑),,,"강추,대박,아쉬,좋아,추천,훌륭"
싸파리사우나,,,,,,"cold-bath,dry-sauna,parking,warm-bath,wet-sauna",입구부터 시작되는 Y2K감성의 그리스로마 장식들이 눈을 사로잡습니다. 주차장도 꽤 넓어서 편리했습니다. 다이슨 드라이기도 구비되어 있어서 놀랐습니다. 전체적으로 동네목욕탕으로는 꽤 | 건식 습식 사우나는 크지 않고 적당했습니다. 돌침대가 따뜻하게 있어서 잠자기 좋습니다. 다만 목욕탕이 지하라서 그런지 목욕탕 안 그리고 탕안은 더 안좋은 냄새가 있었습니다. 유황온,,,"아쉬,좋았"
아쿠아필드,,,,,,"jjimjilbang,parking",평택시에 더 가깝지만 아쿠아필드가 제일 깨끗하고 괜찮을거에요! ㅎㅎ,,"안녕하세요, 인스타에서 보고 하나 둘 도장깨기 하고 있다가 오픈채팅방까지 흘러들어왔습니다.","괜찮,만족,추천"
영빈호텔사우나,,,,,,"cold-bath,seshin","조용하고 깔끔한 곳 원하시면 종로에 영빈호텔사우나 괜찮았어요! | 냉탕 온도가 덜 차가운게 살짝 아쉬웠는데, 전반적으로 시설이 쾌적했었어서 추천드립니다!",,,"괜찮,아쉬,추천"
오라카이청계산사우나,,,,,,"cold-bath,hot-bath,warm-bath",,,,"괜찮,아쉬"
우리유황온천,,,24,,,"bulgama,cold-bath,dry-sauna,hot-bath,outdoor-air,parking,store,warm-bath,wet-sauna",관리가 쉽지않을 규모임에도 깨~~에끗 했어요. | 수질??  말해모해 온천인데 | - 전체적으로 시설은 깨끗했습니다. 인테리어가 Y2K의 감성이라거나 모던하고 세련된 스타일은 아니고 무난하고 평범했습니다.,1만원,,"강추,괜찮,실망,좋아,좋았,좋음,추천"
우이령불가마,,,11,,,"bulgama,cold-bath,dry-sauna,hot-bath,jjimjilbang,outdoor-air,salt-room,warm-bath,wet-sauna","2월에 오픈해서 시설 깨끗하고 좋았습니다. 한증막에서 땀 진짜 잘났어요!! | 탕들은 물은 깨끗했고,",,2월에 오픈해서 시설 깨끗하고 좋았습니다. 한증막에서 땀 진짜 잘났어요!!,"실망,아쉬,좋아,좋았,추천"
월문온천,,,,,,outdoor-bath,율암온천 물이 너무 더러우시면.. 얼마 멀지 않은 곳에 월문온천도 추천드립니다 ㅎㅎ 월문온천도 사람이 많아서 오전에 가시는걸 추천드리기는한데 율암보다는 수질 관리는 조금 더 되는 ,,,"갈만,추천"
웰니스스파찜질방,,,23,75,54,"cold-bath,dry-sauna,jjimjilbang,outdoor-air,wet-sauna","오전 오프라 들러봤는데 깔끔하고 좋네요. ^^ 시티&공원뷰(?) 찜방 및 욕탕이 신선합니다. 욕탕,사우나,외기욕 등 나름 알차고 좋네요.",,,최고
위례파크사우나,,,,,,dry-sauna,,,,
유성온천,,,,,,"bulgama,jjimjilbang,outdoor-air,outdoor-bath,wet-sauna",사우나랑 찜질시설 모두 청결하게 관리 잘 된 느낌이고 | 이용하시는 분들도 깔끔하게 이용하는 것 같은 느낌?이었답니당,,헉 자세한 후기 너무 감사드립니다!! 정말 가보고싶네요ㅜㅠ 예약 성공 부럽습니다ㅜㅠ,"좋아,좋았,추천"
유진사우나,,,,,,"cold-bath,dry-sauna,warm-bath","큰 특징은 없고, 그냥 동네목욕탕 이었습니다. 생활의달인 청소달인으로 사장님이 나오셨고 3시간에 한번씩 욕탕 청소를 하신다는데 건물자체가 워낙 노후되어 어르신들밖에 없었습니다.!!",,,
유천스파,,,,,,"bulgama,cold-bath,salt-room,wet-sauna",,,,
율암온천,42,44,24,70,,"bulgama,charcoal,cold-bath,dry-sauna,hot-bath,jjimjilbang,outdoor-air,outdoor-bath,pool,seshin,warm-bath",경주 더케이호텔 사우나 다녀왔습니다. 온탕은 40도 열탕은 44도 정도 되었고 노천탕은 44도보다 높은 느낌이었습니다. 온탕열탕 외에 다른 미지근한 물이 있는 탕이 크게 있고 깊지 | 저도 율암온천 주말에 다녀왔는데 한증막은 마감이라 웨이팅이 길었고 목욕은 여탕기준 시장통이였고 시설도 관리가 제대로 안되고 물도 이물질이 많았어요..! 평일은 좀 괜찮지 않을까싶어 | 율암온천 물이 너무 더러우시면.. 얼마 멀지 않은 곳에 월문온천도 추천드립니다 ㅎㅎ 월문온천도 사람이 많아서 오전에 가시는걸 추천드리기는한데 율암보다는 수질 관리는 조금 더 되는 ,,이런.. 저 27일에 경희대병원 예약해서 갔다가 가볼까 했는데.... 아쉽네요 ㅠㅠㅠㅠ,"괜찮,별로,아쉬,좋아,좋았,추천"
일죽목욕탕,,,,,,,,,,좋아
제이씨유사우나,,,,,,outdoor-air,,,,좋아
제일유황온천,,,,,,outdoor-bath,,,,
주심사우나,,,,,,outdoor-bath,,,,추천
척산온천,,,,,,cold-bath,2) 사우나-냉탕-휴게공간의 사이클을 쾌적하게 즐길 수 있는 곳이 많아지면 좋겠습니다!,,,좋아
청춘목욕탕,,,,,,"bulgama,cold-bath,dry-sauna,hot-bath,ice-sauna,jjimjilbang,outdoor-air,parking,seshin,store,warm-bath,wet-sauna","새로 오픈한곳이라 신삥새삥 완전깨끗 쥔장님 겁나 친절 | @시원하다/경기, 분당  알려주신  청춘목욕탕 다녀왔습니다. 시설이 깨끗하고 세신베드3개라 많이기다리지않았고요! 추천감사해여 | 역시나 줜장님께서 친절히 맞아주시고 깨끗합니다~!!",,새로 오픈한곳이라 신삥새삥 완전깨끗 쥔장님 겁나 친절 | 혹시 이태원 인근에는 좋은 사우나 없을까요?? 불가마는 보석스파 불한증막 여성전용 불가마 자주 다니는데 그 외에 괜찮은 사우나 잘 되어 있는곳은 아직 헤매고 있네요 ㅜㅜ | 타카나와 사우나즈 프리오픈으로 갔다왔습니다. 아우스구스 이벤트 및 전체 공간 경험은 정말 최고였고 시부야 사우나즈와 달리 외부 뷰를 볼 수 있는 사우나 공간이 있는건 좋았습니다. ,"강추,괜찮,만족,별로,아쉬,좋아,좋았,최고,추천,훌륭"
케이스파,,,,,,"aufguss,charcoal,cold-bath,dry-sauna,jjimjilbang,outdoor-air,outdoor-bath,warm-bath,wet-sauna",LA 다운타운 스파는좀 더럽구요 브레아 근처에 케이스파 정말깔끔하고 좋습니다.,,,"괜찮,좋아,좋았"
탄산온천,39,44,,,,"cold-bath,dry-sauna,hot-bath,outdoor-air,outdoor-bath,warm-bath",건식 사우나에서 냄새 있음 | 원수탕 냄새 호불호 강함,"11,200원 / 5,000원",,"만족,완벽,좋았,추천"
파라스파,,,,,,"bulgama,jjimjilbang,outdoor-air,outdoor-bath",2월에 오픈해서 시설 깨끗하고 좋았습니다. 한증막에서 땀 진짜 잘났어요!! | 소노벨 청송 가족들과 3박4일 동안 사우나만 하고 왔습니다 ㅎㅎㅎ 무제한권이 별로 안 비싸서 모두 무제한권 끊고 저는 하루 3회 이용했어요. 노천탕 정말 깔끔하고 너무 좋았습니다 ,,2월에 오픈해서 시설 깨끗하고 좋았습니다. 한증막에서 땀 진짜 잘났어요!! | 우리유황은 저도 낮에만가봐서....그럴땐 강변스파랜드 가시면ㅎㅎ24시간...,"강추,별로,좋아,좋았"
포도호텔,,,,,,,,,,"좋았,추천"
풀앤스파,,,,,,outdoor-bath,,,주말에 나무향기 예약했는데 지인들이 실패해서,
풍림사우나,,,,,,"dry-sauna,hot-bath,wet-sauna",,,,"좋아,추천"
프라임노다지사우나,,,,,,dry-sauna,,,,"괜찮,좋아"
프리마스파,41,,13,,,"cold-bath,dry-sauna,hot-bath,outdoor-air,outdoor-bath,parking,seshin,warm-bath,wet-sauna","노천탕을 좋아하는지라 노천탕이 있는 사우나가 늘어났으면 하는 바램입니다. 그리고 내기욕, 외기욕 공간이 잘 마련되어있는 곳이면 더욱 좋을 것 같습니다. 탕의 수질과 사우나 온도도  | 전체적으로 습도관리가 잘 되어서 약간 ""춥다""라는 느낌이 들 정도로 뽀송한 이유는 제가 06:40AM에 갔기 때문일 수도 있고 | 사람이 없어서 정말 쾌적쾌적한 ""대중탕의 프리미엄 버젼""을 경험했습니다.","6만원 / 11만원 / 28,000원","나중에 톡방에서 무료이용권 만들어서 나눠드려야겟어요 ㅋㅋ프리마사우나는 가끔 몇십장씩 이용권 받거든요 | 남자: 24시간 | 여자: 06시부터 오픈, 24시까지 | 새벽 사우나는 정말 좋더라구요 ... 강남 진짜 가는거 싫어하는데 진짜 자주 갈 수 밖에 없어서 .... 종종 아침에 이용할 것 같습니다.","가성비,괜찮,별로,좋아,좋았,최고,추천"
하이렉스파,,,,,,"bulgama,outdoor-bath",프리마 여탕은 작고 깔끔합니다,,,"좋아,좋았,추천"
해운대온천,,,,,,"cold-bath,dry-sauna,outdoor-air,warm-bath,wet-sauna","넓고 깔끔한곳 좋아하시면 해운대온천센터 | 2. 더럽다 수준의 관리 | 이 두개가 가장 컸는데, 금일 근처에서 일정이 있어 들렸고 곧 폐업이라 관리가 더 악화되었을까봐 걱정 했는데, 오히려 아주 깨끗하다는 아니지만 더럽다는 아닌 정도의 관리 상태와 낮",,"이 두개가 가장 컸는데, 금일 근처에서 일정이 있어 들렸고 곧 폐업이라 관리가 더 악화되었을까봐 걱정 했는데, 오히려 아주 깨끗하다는 아니지만 더럽다는 아닌 정도의 관리 상태와 낮","아쉬,좋아,좋았,추천"
허심청,39,44,,,,"bulgama,cold-bath,dry-sauna,hot-bath,outdoor-air,outdoor-bath,pool,store,warm-bath",센텀스파랜드 쪽이 더 쾌적하고 물도 좋았던… 개인적 의견입니다. ㅎㅎ | 2) 사우나-냉탕-휴게공간의 사이클을 쾌적하게 즐길 수 있는 곳이 많아지면 좋겠습니다! | 여기 다녀왔는데 오래된 목욕탕인데 관리가 참 잘된 곳이라 좋더라구요,"1.2만원 / 8만원 / 33,000원 / 11,200원",투숙객은 응당 무료여야하는것을….! ㅠ,"가성비,괜찮,대박,별로,완벽,좋아,좋았,최고,추천"
홍삼스파,,,,,,charcoal,,,"+) 홍삼스파는 네이버로 예약하고가면 싸요 | 홍삼은 24시간, 가야랜드는 6시넘으면 못들어가십니다. 9to6 직장인이시라면 홍삼스파밖에 선택지가 없습니다 | 건너편에 해물칼국수 기가막힌집이 있었는데 폐업해서… 근처 통일동산쪽에 최고야짬뽕 맛있습니다","아쉬,좋아,최고"
황금스파,,,,,,seshin,오 여기 가봤는데 깔끔하고 좋아요 근데 영업시간티 좀 짧았던걸로 기억해요 남자분이시면 남탕에 세신 있습니다 세신사분도 잘 밀어주셨어요 친절하시고,,"내감 이벤트 때는 쇼핑몰 지인 통해 들었는데 수영복 입고 진행했었고, 프리오픈부터는 남녀 분리해서 다 벗고 진행했습니다.","괜찮,좋아,추천"
황금온천,40,,,,,"cold-bath,outdoor-bath,warm-bath","오후 방문했으나 근처 동네 어르신꽤나 많았음. 역시 온천물이라 도심에서 이렇게 미끌한 물은 처음. 유황냄새도 나고 온탕 40.2도로 적절, 온천 바가지탕 있고, 히노끼탕있었으나 3",,,
휘경인삼사우나,,,,,,store,휘경인삼사우나 다녀왔습니다 큰 사우나 한쪽 고장나서 작은 사우나 하나만 가동되고 있네요 사람은 엄청 많은데 사우나가 너무 작아서 옆의 사람이랑 거의 붙어서 사우나 해야해서 너무 불 | 진짜 위생..청결이 기본이라 생각하는데 말처럼 쉽지가 않네요 그런의미에서 쉐레이 기대되요......,,,"실망,좋아,추천"
힐링엔사우나,,,,,,outdoor-bath,,,,좋아
힐스파,,,,,,"cold-bath,dry-sauna,hot-bath,jjimjilbang,outdoor-air,outdoor-bath,warm-bath,wet-sauna",코로나 이후 중국인 관광객 이용객들이 너무많아지고 코로나 이전보다 관리가 조금 덜 되는거같아 요즘은 잘 안가지더라구요 ..ㅠ 주말 피해서 평일 낮에 방문하시면 탕에서 보는 해운대  | 힐스파는 정말 오래된 곳인데 항상 깨끗하고 프라이드를 잘 유지해주는 곳 같아요. 그래서 늘 띄엄띄엄 가도 후회하지 않는 곳 같아요. 아무리 그 좋은 사우나 옴욤욤거려도 히스토리에 ,,돈 많이벌어서 드래곤힐스파 매입해서 싹 리뉴얼해서 재오픈 하고싶네요 ㅎ | ”힐스파“입니다. 끝 없는 수평선을 배경으로 온천을 즐길 수있는 곳이며 24시 찜질방도 운영하여 1박2일로도 온천과 찜질을 즐길 수 있는곳입니다! | 힐스파 즐겨갔던 곳인데 리뉴얼하고 노천탕 생긴 이후로는 못가봤네요,"가성비,별로,좋았,최고,추천,훌륭"
