시설명,주소,시설유형,탕구분,온탕,열탕,냉탕,건식,습식,입장료,24시,시설태그,메모
sauna kolme kyla,Japan  〒700-0942 Okayama  Minami Ward  T,public-bath,male-only,,,16,90,,,,cold-bath|dry-sauna|indoor-rest|outdoor-rest|self-loyly|towel|shampoo-bodywash|aufguss|food|ice-bath|tattoo-cover,사우나슐렝 2025 8위
Ochiairo,1887-1 Yugashima  Izu  Shizuoka 410-3206,hotel-spa,gender-bath,,,,,,,,cold-bath|dry-sauna|dryer-free|food|hot-bath|indoor-rest|open-air-bath|outdoor-rest|self-loyly|sleep-room|towel|wet-sauna|shampoo-bodywash,사우나슐렝 2025 7위 / 명예의 전당
Onyado Nono Nanba,1-chōme-4-18 Nipponbashi  Chuo Ward  Osa,hotel-spa,gender-bath,,,,,,,,cold-bath|dry-sauna|dryer-free|food|hot-bath|indoor-rest|open-air-bath|sleep-room|shampoo-bodywash|tattoo-cover,오사카 난바 대욕장
Nukatoyuge,941-1 Mineyamachō Sugitani  Kyotango  Ky,special,gender-bath,,,,,,,,cold-bath|dry-sauna|indoor-rest|outdoor-rest|self-loyly|towel|shampoo-bodywash|tattoo-friendly,사우나슐렝 2023 10위
Wagamachi Sauna,Japan  〒553-0007 Osaka  Fukushima Ward  ,public-bath,male-only,,,,,,,,aufguss|cold-bath|dry-sauna|dryer-free|indoor-rest|self-loyly|towel|shampoo-bodywash,먼데이사우나 커뮤니티 추천 오사카
Wellbe Sakae,Japan  〒460-0008 Aichi  Nagoya  Naka War,hotel-spa,male-only,,,,,,,,aufguss|cold-bath|dry-sauna|dryer-free|food|ice-room|indoor-rest|massage|self-loyly|sleep-room|towel|wet-sauna|shampoo-bodywash,사우나슐렝 2023 1위 / 명예의 전당
Sauna Tokyo,3-chōme-13-4 Akasaka  Minato City  Tokyo,public-bath,male-only,,,,,,,,aufguss|cold-bath|dry-sauna|dryer-free|food|indoor-rest|self-loyly|sleep-room|tattoo-friendly|towel|shampoo-bodywash,사우나슐렝 2025 2위 / 명예의 전당
Spa Metsa Sendai Ryusenji no Yu,Japan  〒981-3137 Miyagi  Sendai  Izumi W,public-bath,gender-bath,,,,,,,,aufguss|cold-bath|dry-sauna|dryer-free|food|hot-bath|indoor-rest|jjimjilbang|massage|open-air-bath|outdoor-rest|parking|salt-sauna|self-loyly|towel|wet-sauna|shampoo-bodywash|tattoo-cover,사우나슐렝 2023 4위
24시인아사우나,경기도 양주시 고암길 358,public-bath,gender-bath,40,44,17,93,,10000,Y,dry-sauna|cold-bath|hot-bath|jjimjilbang|very-hot-bath|food|indoor-rest|parking|dryer-free|tattoo-friendly,먼데이사우나 리뷰 DB / 대중목욕탕 | 귀여운 찜질방이 딸린 깔끔한 동네목욕탕!
AIRE Ancient Baths Barcelona,Passeig de Picasso  22  Ciutat Vella  08,hotel-spa,mixed,,,,,,,,cold-bath|hot-bath|indoor-rest|massage|scrub|towel|wet-sauna|tattoo-friendly,글로벌 럭셔리 스파 체인
Bathhouse Williamsburg,103 N 10th St  Brooklyn  NY 11249  USA,public-bath,mixed,,,,,,,,aufguss|cold-bath|dry-sauna|food|hot-bath|indoor-rest|massage|outdoor-rest|scrub|tattoo-friendly|towel|wet-sauna|shampoo-bodywash,뉴욕 트렌디 바냐
BOTANICAL POOL CLUB,1510-2 Shimosakuma  Kyonan  Awa District,hotel-spa,mixed,,,,,,,,cold-bath|dry-sauna|dryer-free|food|hot-bath|indoor-rest|outdoor-rest|parking|self-loyly|sleep-room|towel|shampoo-bodywash|tattoo-friendly,사우나슐렝 2023 7위
CYCL,479-107 Hirano  Yamanakako  Minamitsuru ,public-bath,mixed,,,,,,,,cold-bath|dry-sauna|dryer-free|food|indoor-rest|outdoor-rest|parking|self-loyly|towel|shampoo-bodywash|tattoo-friendly,사우나슐렝 2024 7위
Elamus Spa,Akadeemia tee 30  12611 Tallinn  Estonia,hotel-spa,mixed,,,,,,,,aufguss|cold-bath|dry-sauna|food|hot-bath|indoor-rest|massage|outdoor-rest|tattoo-friendly|towel|wet-sauna,발트 3국 최대 사우나 센터
Friedrichsbad Baden-Baden,Römerpl. 1  76530 Baden-Baden  Germany,public-bath,mixed,,,,,,,,cold-bath|dry-sauna|hot-bath|indoor-rest|massage|scrub|towel|wet-sauna|shampoo-bodywash|tattoo-friendly,독일 140년 전통 로마식 목욕장
Hiki stargazing sauna,Japan  〒730-0852 Hiroshima  Naka Ward  N,private-sauna,gender-bath,,,,,,,,cold-bath|dry-sauna|dryer-free|indoor-rest|outdoor-rest|self-loyly|towel|shampoo-bodywash|tattoo-friendly,사우나슐렝 2024 8위
Hotta-yu sento,3-chōme-20-14 Sekibara  Adachi City  Tok,public-bath,gender-bath,,,,,,,,cold-bath|dryer-paid|hot-bath|indoor-rest|outdoor-rest|self-loyly|wet-sauna|tattoo-friendly,타임아웃 도쿄 BEST 추천
Janu Tokyo,1-chōme-2-2 Azabudai  Minato City  Tokyo,hotel-spa,gender-bath,,,,,,,,cold-bath|dry-sauna|dryer-free|hot-bath|indoor-rest|massage|outdoor-rest|towel|wet-sauna|shampoo-bodywash,사우나슐렝 2025 9위
KIWAMI SAUNA Osu,1-chōme-4-12 Tachibana  Naka Ward  Nagoy,public-bath,male-only,,,,,,,,cold-bath|dry-sauna|dryer-free|indoor-rest|outdoor-rest|self-loyly|towel|shampoo-bodywash|tattoo-friendly,사우나슐렝 2025 6위
Kalma Saun,Vana-Kalamaja tn 9A  10414 Tallinn  Esto,public-bath,mixed,,,,,,,,cold-bath|dry-sauna|indoor-rest|self-loyly|wet-sauna|tattoo-friendly,에스토니아 전통 사우나
Kuusijärvi,Kuusijärvi  01260 Vantaa  Finland,public-bath,mixed,,,,,,,,tattoo-friendly,핀란드 정통 스모크 사우나
Rauhaniemi Folk Spa,Rauhaniementie 23 b  33180 Tampere  Finl,public-bath,mixed,,,,,,,,cold-bath|dry-sauna|open-air-bath|outdoor-rest|self-loyly|tattoo-friendly,핀란드 현재 가장 핫한 사우나
Löyly Helsinki,Hernesaarenranta 4  00150 Helsinki  Finl,public-bath,mixed,,,,,,,,tattoo-friendly,핀란드 관광청 아이코닉 사우나
군인공제회관 M스포렉스,서울특별시 강남구 남부순환로 2806 군인공제회관,public-bath,gender-bath,40,43,23,93,55,15000,,dry-sauna|cold-bath|hot-bath|very-hot-bath|parking|wet-sauna|dryer-free|tattoo-friendly,먼데이사우나 리뷰 DB / 대중목욕탕 | 기본적인 운영에 개선이 필요한곳
Onsen Balcony King&Queen,2-chōme-271 Kitanaka  Tokorozawa  Saitam,public-bath,gender-bath,,,,,,,,,사우나슐렝 2025 3위
Othership Flatiron,23 W 20th St  New York  NY 10011  USA,public-bath,mixed,,,,,,,,dry-sauna|ice-bath|indoor-rest|tattoo-friendly|towel|shampoo-bodywash,뉴욕 최대 규모 소셜 사우나
Rajaportti sauna,Pispalan valtatie 9  33250 Tampere  Finl,public-bath,gender-bath,,,,,,,,dry-sauna|indoor-rest|massage|outdoor-rest|self-loyly|tattoo-friendly,핀란드 최고령 공공 사우나
SATOYAMA TERRACE,898 Tabara  Futtsu  Chiba 299-1755  Japa,public-bath,mixed,,,15,88,,,,cold-bath|dry-sauna|indoor-rest|outdoor-rest|self-loyly|towel|shampoo-bodywash|aufguss|tattoo-friendly,사우나슐렝 2025 4위
SAUNA SAKURADO,9-5 Tsunabamachi  Hakata Ward  Fukuoka  ,private-sauna,gender-bath,,,,,,,,cold-bath|dry-sauna|dryer-free|food|indoor-rest|self-loyly|towel|shampoo-bodywash,사우나슐렝 2025 10위
SKY SPA Yokohama,Japan  〒220-0011 Kanagawa  Yokohama  Nis,public-bath,gender-bath,,,,,,,,aufguss|cold-bath|dry-sauna|dryer-free|food|hot-bath|indoor-rest|massage|self-loyly|sleep-room|towel|wet-sauna|workspace|shampoo-bodywash,사우나슐렝 명예의 전당
TOTOPA Toritsu Meiji Koen,5-7 Kasumigaokamachi  Shinjuku City  Tok,public-bath,gender-bath,,,,,,,,cold-bath|dry-sauna|dryer-free|indoor-rest|outdoor-rest|self-loyly|towel|wet-sauna|shampoo-bodywash|tattoo-friendly,사우나슐렝 2025 5위 / 2024 1위
TREATMENT SAUNA STEAMS.,Japan  〒107-0052 Tokyo  Minato City  Aka,private-sauna,female-only,,,,,,,,dryer-free|indoor-rest|scrub|towel|wet-sauna|shampoo-bodywash|tattoo-friendly,사우나슐렝 2024 3위
The Sauna,Japan  〒389-1303 Nagano  Kamiminochi Dis,public-bath,mixed,,,,,,,,cold-bath|dry-sauna|outdoor-rest|self-loyly|towel|shampoo-bodywash|tattoo-friendly,사우나슐렝 2023 3위 / 명예의 전당
Therme Erding,Thermenallee 1-5  85435 Erding  Germany,hotel-spa,mixed,,,,,,,,aufguss|cold-bath|dry-sauna|food|hot-bath|indoor-rest|massage|open-air-bath|outdoor-rest|parking|towel|wet-sauna|shampoo-bodywash|tattoo-friendly,유럽 최대 규모 테르메
Yulax,722 Honjōmachi  Chuo Ward  Kumamoto  860,public-bath,gender-bath,,,,,,,,aufguss|cold-bath|dry-sauna|dryer-free|food|hot-bath|indoor-rest|massage|outdoor-rest|self-loyly|sleep-room|towel|wet-sauna|shampoo-bodywash,사우나슐렝 명예의 전당
Kumeya Omihachiman,454-5 Takakaichō  Omihachiman  Shiga 523,public-bath,mixed,,,,,,,,cold-bath|dry-sauna|indoor-rest|outdoor-rest|sleep-room|tattoo-friendly,사우나슐렝 2023 11위
Jungle Photo Land,2599 Izumi  Motobu  Kunigami District  O,public-bath,mixed,,,,,,,,cold-bath|dry-sauna|outdoor-rest|self-loyly|tattoo-friendly,사우나슐렝 2023 8위 | Google Maps 등록명: Jungle Photo Land
Bettei Senjyuan,614 Tanigawa  Minakami  Tone District  G,hotel-spa,gender-bath,,,,,,,,cold-bath|dry-sauna|dryer-free|food|hot-bath|indoor-rest|open-air-bath|outdoor-rest|self-loyly|sleep-room|towel|wet-sauna|shampoo-bodywash,사우나슐렝 2024 6위
Kitakobushi Shiretoko Hotel & Resort,172 Utorohigashi  Shari  Shari District ,hotel-spa,gender-bath,,,,,,,,cold-bath|dry-sauna|dryer-free|food|hot-bath|indoor-rest|open-air-bath|outdoor-rest|self-loyly|sleep-room|towel|shampoo-bodywash,사우나슐렝 2024 5위 / 명예의 전당
Shinagawa Sauna,1-chōme-6-1 Ōi  Shinagawa City  Tokyo 14,public-bath,male-only,,,,,,,,aufguss|cold-bath|dry-sauna|dryer-free|indoor-rest|outdoor-rest|self-loyly|sleep-room|towel|shampoo-bodywash,사우나슐렝 2024 11위
TSUKAHARA KARAFURO,1050-4 Shōwa  Sanuki  Kagawa 769-2304  J,public-bath,gender-bath,,,,,,,,bulgama|indoor-rest|tattoo-friendly,사우나슐렝 2024 10위
Osaka Sauna DESSE,Japan  〒542-0081 Osaka  Chuo Ward  Minam,public-bath,male-only,,,,,,,,aufguss|cold-bath|dry-sauna|dryer-free|indoor-rest|outdoor-rest|self-loyly|tattoo-friendly|towel|wet-sauna|shampoo-bodywash,사우나슐렝 2024 4위
Kannojigoku Hotel,257 Tano  Kokonoe  Kusu District  Oita 8,hotel-spa,gender-bath,,,,,,,,cold-bath|dry-sauna|food|hot-bath|indoor-rest|outdoor-rest|self-loyly|sleep-room|towel|very-hot-bath|shampoo-bodywash,사우나슐렝 2023 9위
Mifuneyama Rakuen Hotel,Japan  〒843-0022 Saga  Takeo  武雄町武雄４１００,hotel-spa,gender-bath,,,,,,,,cold-bath|dry-sauna|dryer-free|food|hot-bath|indoor-rest|outdoor-rest|parking|self-loyly|sleep-room|towel|wet-sauna|shampoo-bodywash,사우나슐렝 명예의 전당
Aomoriya by Hoshino Resorts,Horikirizawa-56 Furumagiyama  Misawa  Ao,hotel-spa,gender-bath,,,,,,,,cold-bath|dry-sauna|dryer-free|food|hot-bath|indoor-rest|open-air-bath|outdoor-rest|parking|sleep-room|towel|shampoo-bodywash|tattoo-friendly,사우나슐렝 2024 9위
Taikou-no-Yu Hot Spring,池の尻-292-2 Arimachō  Kita Ward  Kobe  Hyo,public-bath,gender-bath,,,,,,,,cold-bath|dry-sauna|dryer-free|food|hot-bath|indoor-rest|jjimjilbang|massage|open-air-bath|outdoor-rest|parking|towel|very-hot-bath|wet-sauna|shampoo-bodywash|tattoo-cover,니프티 온천 랭킹 서일본 1위
Shibuya Saunas,18-9 Sakuragaokachō  Shibuya  Tokyo 150-,public-bath,gender-bath,,,,,,,,aufguss|cold-bath|dry-sauna|dryer-free|indoor-rest|outdoor-rest|self-loyly|towel|wet-sauna|workspace|shampoo-bodywash|tattoo-friendly,사우나슐렝 2023 6위 / 타임아웃 도쿄 BEST
Yuyado Daiichi,518 Yōrōushi  Nakashibetsu  Shibetsu Dis,hotel-spa,gender-bath,,,,,,,,cold-bath|dry-sauna|food|hot-bath|indoor-rest|open-air-bath|outdoor-rest|self-loyly|sleep-room|towel|wet-sauna|shampoo-bodywash,사우나슐렝 2025 1위
Noboribetsu Grand Hotel,154 Noboribetsuonsenchō  Noboribetsu  Ho,hotel-spa,gender-bath,,,,,,,,cold-bath|dry-sauna|dryer-free|food|hot-bath|indoor-rest|open-air-bath|outdoor-rest|parking|self-loyly|sleep-room|towel|very-hot-bath|shampoo-bodywash,사우나슐렝 2023 5위
Shiriuchi Onsen Kokyu no Ma,北海道上磯郡知内町湯ノ里284,public-bath,mixed,,,,,,,,cold-bath|hot-bath|indoor-rest|outdoor-rest|towel|wet-sauna|shampoo-bodywash|tattoo-friendly,사우나슐렝 2025 11위
간월산온천,울산광역시 울주군 상북면 알프스온천4길 26 간월산온천,public-bath,gender-bath,40,43,22,85,,9000,,cold-bath|hot-bath|very-hot-bath|shampoo-bodywash|indoor-rest|parking|wet-sauna|dryer-free|tattoo-friendly,먼데이사우나 리뷰 DB / 대중목욕탕 | 시간의 흔적 위에 온천수의 밀도로 버티는 곳
갈곶목욕탕,경기도 오산시 오산로 18,small-bath,gender-bath,,,,,,,,cold-bath|hot-bath|tattoo-friendly,경기 동탄 동네 목욕탕
강남목욕탕,충청남도 천안시 동남구 신부12길 40-8,small-bath,gender-bath,,,15,85,,8000,,dry-sauna|cold-bath|hot-bath|parking|wet-sauna|dryer-paid|tattoo-friendly,먼데이사우나 리뷰 DB / 대중목욕탕 | 귀하다.
강변스파랜드,서울특별시 광진구 구의강변로 45,public-bath,gender-bath,,,,,,,,bulgama|cold-bath|dry-sauna|food|hot-bath|ice-room|indoor-rest|jjimjilbang|parking|salt-sauna|scrub|wet-sauna|tattoo-friendly|"bulgama,카톡 커뮤니티 언급 33회 | 사우나 3-4개/ 급냉탕 5도/ 외기욕 의자 3개
거북목욕탕,충청북도 청주시 흥덕구 복대로175번길 9-2,small-bath,gender-bath,42,,18,90,,10000,,dry-sauna|cold-bath|hot-bath|indoor-rest|parking|wet-sauna|dryer-free|tattoo-friendly,먼데이사우나 리뷰 DB / 대중목욕탕 | 목욕탕의 존재이유에 대해서 다시 생각하게 된 거북탕
건강나라,서울특별시 동대문구 왕산로37길 39,public-bath,gender-bath,,,,,,8000,,cold-bath|jjimjilbang|very-hot-bath|tattoo-friendly,먼데이사우나 리뷰
계룡스파텔대온천탕,대전광역시 유성구 온천로 81,public-bath,gender-bath,,,,,,,,cold-bath|hot-bath|parking|scrub|wet-sauna|tattoo-friendly,카톡 커뮤니티 언급 20회 | 스파/리조트 시설
고려사우나,서울특별시 송파구 송파대로27길 30 태림빌딩,public-bath,gender-bath,,,,,,,,dry-sauna|hot-bath|scrub|tattoo-friendly|"jjimjilbang,카톡 커뮤니티 언급 7회
관악24시불가마사우나,서울특별시 관악구 관악로 212 관악프라자,public-bath,gender-bath,38,42,14,60,40,13000,,dry-sauna|cold-bath|hot-bath|jjimjilbang|very-hot-bath|indoor-rest|parking|ice-bath|wet-sauna|dryer-paid|tattoo-friendly,먼데이사우나 리뷰 DB / 대중목욕탕 | 집 근처에 있다면 매 주 방문하고 싶은 곳
온유재스파마사지 상무점,광주광역시 서구 시청로 57 2층 201호,hotel-spa,gender-bath,,,,,,20000,,cold-bath|shampoo-bodywash|tattoo-friendly,먼데이사우나 리뷰
국제광천수온천,부산광역시 부산진구 거제대로 70 7  8  9층,public-bath,gender-bath,40,44,19,70,43,13000,,cold-bath|dry-sauna|dryer-free|hot-bath|indoor-rest|massage|parking|very-hot-bath|wet-sauna|tattoo-friendly|"cold-bath,먼데이사우나 리뷰 DB / 대중목욕탕 | 도심 속 광천수 온천 편리함의 끝판왕
군불로,경상북도 청도군 각북면 낙산1길 51,public-bath,gender-bath,38,,18,,,,,jjimjilbang|hot-bath|cold-bath|very-hot-bath|bulgama|ice-room|food|indoor-rest|parking|salt-sauna|wet-sauna|dryer-free|tattoo-friendly,
그랜드 하얏트 서울,서울특별시 용산구 소월로 322,hotel-spa,gender-bath,38,42,18,90,50,100000,,dry-sauna|cold-bath|hot-bath|sleep-room|very-hot-bath|shampoo-bodywash|outdoor-rest|indoor-rest|parking|wet-sauna|dryer-free|tattoo-friendly,먼데이사우나 리뷰 DB / 호텔 사우나 | 트렌디한 신축 호텔들이 흉내 낼 수 없는/ '운동–휴식–식사' 흐름을 가장 완성도 있게 경험할 수 있
현대그린사우나,경기도 광주시 포돌이로 15,small-bath,gender-bath,32,45,23,65,,9000,,jjimjilbang|cold-bath|dry-sauna|hot-bath|very-hot-bath|dryer-paid|tattoo-friendly,먼데이사우나 리뷰 DB / 대중목욕탕 | 동네분들의 애정이 느껴지는 작은 로컬 목욕탕!
금샘탕,부산광역시 금정구 금샘로578번길 46,small-bath,gender-bath,,,,,,8000,,dry-sauna|cold-bath|hot-bath|very-hot-bath|food|ice-bath|parking|dryer-free|tattoo-friendly,먼데이사우나 리뷰 DB / 대중목욕탕 | 쾌적함이 남다른 목욕탕
금정산부곡온천,부산광역시 금정구 수림로20번길 36 3. 4  5층,public-bath,gender-bath,40,,15,97,,,,dry-sauna|cold-bath|hot-bath|sleep-room|very-hot-bath|indoor-rest|parking|massage|wet-sauna|ice-bath|dryer-free|tattoo-friendly,
금천파크온천호텔,부산광역시 동래구 금강로 140-1,public-bath,gender-bath,40,44,18,85,48,10000,,cold-bath|dry-sauna|dryer-free|food|hot-bath|ice-bath|parking|scrub|very-hot-bath|wet-sauna|tattoo-friendly|"hot-bath,먼데이사우나 리뷰 DB / 대중목욕탕 | 작지만 강하다. 가성비 굳.
난곡목욕탕,서울특별시 관악구 난곡로24가길 12,small-bath,gender-bath,,42,9,85,,9000,,cold-bath|very-hot-bath|ice-bath|dryer-free|dry-sauna|tattoo-friendly,먼데이사우나 리뷰 DB / 대중목욕탕 | 국가에서 보존해 줘야 하는 세월이 멈춘 온기의 공간
24시사우나 네이버한방스파,서울특별시 마포구 큰우물로 53 지하 1층,public-bath,gender-bath,38,44,21,112,60,13000,Y,dry-sauna|hot-bath|cold-bath|jjimjilbang|very-hot-bath|sleep-room|bulgama|indoor-rest|parking|wet-sauna|dryer-paid|tattoo-friendly,먼데이사우나 리뷰 DB / 대중목욕탕 | 장작향 찜질방이 있는 어머님 감성 24시 사우나
네이처스파,경기도 파주시 교하로 677-20,public-bath,gender-bath,38,40,18,88,66,16000,,dry-sauna|hot-bath|cold-bath|jjimjilbang|very-hot-bath|bulgama|ice-room|outdoor-rest|food|parking|salt-sauna|wet-sauna|open-air-bath|dryer-paid|shampoo-bodywash|tattoo-friendly|"bulgama,먼데이사우나 리뷰 DB / 불한증막 | 서울역에서 1시간/ 일상에서 벗어나다 | 고독한사우너 멱살캐리 베스트 5
녹천탕,부산광역시 동래구 금강공원로26번길 32,small-bath,gender-bath,42,45,21,92,55,10000,,dry-sauna|cold-bath|hot-bath|very-hot-bath|indoor-rest|parking|wet-sauna|dryer-free|tattoo-friendly,먼데이사우나 리뷰 DB / 대중목욕탕 | 항상 흘러넘치는 물과 사람들 속에서 본질을 지켜온 부산의 원조 온천탕
단오풍정,서울특별시 성북구 동소문로25길 13 1층,private-sauna,gender-bath,,,,,,132000,,outdoor-rest|scrub|ice-bath|massage|dryer-free|tattoo-friendly,먼데이사우나 리뷰 DB / 1인 세신샵 | 한옥 카페보다 예쁜 세신샵. 한국인도 외국인도 "아이 러브 코리아" 외칠 듯.
대성관,부산광역시 북구 금곡대로199번길 12,public-bath,gender-bath,,,,,,,,hot-bath|open-air-bath|tattoo-friendly,지내시는 곳이 어딘지 알려주시면 근처로 해서 추천드려볼게요 ♨️♨️|부산 현지인분들 추천해주세요~
더케이호텔경주 스파온천,경상북도 경주시 엑스포로 45 더케이호텔,public-bath,gender-bath,,,,,,17000,,outdoor-rest|open-air-bath|tattoo-friendly,먼데이사우나 리뷰
더파크 스파랜드,서울특별시 영등포구 선유동1로 50 A동 지하1층,public-bath,gender-bath,,,,,,,Y,bulgama|cold-bath|dry-sauna|food|hot-bath|jjimjilbang|parking|sleep-room|tattoo-friendly,대부분 목욕탕이 청결부분이 좀 그렇더라구요  찾다가 목동 더파크스파랜드 갔었는데 호텔 사 | 이쪽 지역에서는 좋았던 것 같아요|혹시 마포쪽 추천
덕구온천스파월드,경상북도 울진군 북면 덕구온천로 924,public-bath,gender-bath,42,44,16,92,,11000,,cold-bath|hot-bath|very-hot-bath|shampoo-bodywash|outdoor-rest|food|parking|ice-bath|open-air-bath|dryer-free|dry-sauna|wet-sauna|tattoo-friendly|"cold-bath,먼데이사우나 리뷰 DB / 대중목욕탕 | 일부러 찾아가볼만한 가치가 있는 자연용출온천
도봉산 24시 불한증막 사우나,경기도 의정부시 평화로 252 지하1층,public-bath,gender-bath,,,,,,15000,Y,bulgama|jjimjilbang|tattoo-friendly,먼데이사우나 리뷰
도산원탕,경상북도 안동시 도산면 온천로 570,small-bath,gender-bath,,,,,,7000,,very-hot-bath|tattoo-friendly,먼데이사우나 리뷰
동방온천사우나,부산광역시 동래구 금강로106번길 3 2층  3층,small-bath,gender-bath,41,45,17,97,47,10000,,dry-sauna|cold-bath|hot-bath|very-hot-bath|indoor-rest|parking|wet-sauna|dryer-free|tattoo-friendly,먼데이사우나 리뷰 DB / 대중목욕탕 | 내가 딱 찾던 사이즈 효율성 최고인 곳
동부사우나,경기도 양평군 양평읍 양근리,public-bath,gender-bath,,42,18,,,8000,,dry-sauna|cold-bath|very-hot-bath|wet-sauna|dryer-free|tattoo-friendly,먼데이사우나 리뷰 DB / 대중목욕탕 | 화려하지는 않지만 기본에 충실한 사우나
라성보석사우나,서울특별시 성동구 성수이로 118 성수아카데미타워 1층,public-bath,gender-bath,,,,,,,Y,dry-sauna|food|hot-bath|ice-room|jjimjilbang|parking|salt-sauna|sleep-room|tattoo-friendly|"cold-bath,카톡 커뮤니티 언급 6회 | 보석사우나 변형
로데오 스파,서울특별시 강남구 선릉로 823 한양타운빌딩 지하2층,public-bath,gender-bath,40,42,16,97,,12000,,cold-bath|dry-sauna|dryer-free|hot-bath|indoor-rest|parking|very-hot-bath|tattoo-friendly|"bulgama,먼데이사우나 리뷰 DB / 대중목욕탕 | 압구정로데오에서 이 가격이면 훌륭하다.
골드로즈사우나,서울특별시 강남구 선릉로86길 31 롯데골드로즈2,public-bath,gender-bath,,,,,,,Y,bulgama|cold-bath|dry-sauna|food|hot-bath|indoor-rest|jjimjilbang|massage|parking|scrub|sleep-room|tattoo-friendly|"bulgama,강남 프리미엄 사우나 | 어린시절 추억의 장소 | 구 롯데사우나
루하스사우나,서울특별시 은평구 통일로 1022 지하1층 B109  B110  B111,public-bath,gender-bath,37,42,,102,,14000,,dry-sauna|hot-bath|cold-bath|jjimjilbang|very-hot-bath|bulgama|scrub|indoor-rest|parking|massage|wet-sauna|dryer-paid|tattoo-friendly,먼데이사우나 리뷰 DB / 대형찜질방 | 집 앞이면 갈 수 있지만 일부러 찾아갈 곳은 아니다
만수탕,부산광역시 사하구 장림시장5길 255,small-bath,gender-bath,,,,,,7000,,hot-bath|cold-bath|tattoo-friendly,먼데이사우나 리뷰
매일온천,서울특별시 광진구 자양로53길 109,small-bath,gender-bath,,,20,90,50,10000,,cold-bath|dry-sauna|dryer-free|hot-bath|indoor-rest|scrub|very-hot-bath|wet-sauna|tattoo-friendly,먼데이사우나 리뷰 DB / 대중목욕탕 | 흔한 동네 목욕탕
메가스파사우나,경기도 수원시 장안구 송원로 81 매가플러스(3차) 7층,public-bath,gender-bath,,,,,,,,bulgama|dry-sauna|food|hot-bath|ice-room|jjimjilbang|parking|tattoo-friendly,카톡 커뮤니티 언급 4회 | 한적/ 로울루 가능
면역공방,서울특별시 중구 퇴계로20길 2 지하2층 _퍼시픽호텔 지하,special,gender-bath,,,,,,20000,,shampoo-bodywash|indoor-rest|tattoo-friendly,먼데이사우나 리뷰
동래 반도 온천,부산광역시 동래구 금강공원로 37,public-bath,gender-bath,,,,,,10000,,tattoo-friendly,먼데이사우나 리뷰
백제불한증막 인삼사우나,서울특별시 송파구 백제고분로 293 1층~B3층,public-bath,gender-bath,39,43,22,90,55,11000,,bulgama|cold-bath|dry-sauna|dryer-paid|food|hot-bath|ice-room|indoor-rest|jjimjilbang|outdoor-rest|parking|scrub|very-hot-bath|wet-sauna|tattoo-friendly,먼데이사우나 리뷰 DB / 대중목욕탕 | 동네 사랑방 st. 건식사우나와 강력한 습식 사우나/ 그리고 장작 불가마까지 즐길 수 있는 가성비 사우
버핏그라운드 광화문,서울특별시 중구 세종대로 136 B1  B2층,gym-sauna,gender-bath,38,,20,80,,30000,,dry-sauna|cold-bath|hot-bath|parking|dryer-free|tattoo-friendly,먼데이사우나 리뷰 DB / 대중목욕탕 | 광화문 일대 최고의 헬스장 사우나
베뉴지아쿠아24,서울특별시 강서구 화곡로 347 지하2층 베뉴지아쿠아&베뉴지피트니스,public-bath,gender-bath,39,40,23,92,60,11000,Y,bulgama|cold-bath|dry-sauna|dryer-paid|food|hot-bath|ice-bath|indoor-rest|jjimjilbang|parking|salt-sauna|scrub|shampoo-bodywash|sleep-room|very-hot-bath|wet-sauna|tattoo-friendly,먼데이사우나 리뷰 DB / 대형찜질방 | 대형 찜질방 !
봉개사우나,제주특별자치도 제주시 번영로 576,small-bath,gender-bath,,,,,,5000,,dry-sauna|cold-bath|hot-bath|very-hot-bath|food|indoor-rest|parking|wet-sauna|dryer-paid|tattoo-friendly,먼데이사우나 리뷰 DB / 대중목욕탕 | 가성비 갑 !
봉일스파랜드,서울특별시 관악구 은천로 28 봉일프라자,public-bath,gender-bath,37,44,21,99,54,10000,,dry-sauna|hot-bath|cold-bath|jjimjilbang|very-hot-bath|bulgama|ice-room|food|indoor-rest|parking|salt-sauna|wet-sauna|dryer-paid|tattoo-friendly,먼데이사우나 리뷰 DB / 대중목욕탕 | 수질 하나만 보고 가기엔 충분한 가치가 있지만/ 쾌적한 휴식을 원한다면 눈치싸움이 필수인 곳
북한산온천비젠,경기도 고양시 덕양구 중고개길 88-10 북한산온천,public-bath,gender-bath,,,,,,13000,,jjimjilbang|very-hot-bath|tattoo-friendly,먼데이사우나 리뷰
블루스파,경기도 성남시 분당구 백현로 97 다운타운 9층,public-bath,gender-bath,,,,,,,,dry-sauna|hot-bath|indoor-rest|jjimjilbang|parking|tattoo-friendly|scrub,카톡 커뮤니티 언급 16회
산방산 탄산온천,제주특별자치도 서귀포시 안덕면 사계북로41번길 192,public-bath,gender-bath,,,,,,13000,,bulgama|cold-bath|dry-sauna|food|hot-bath|indoor-rest|jjimjilbang|open-air-bath|outdoor-rest|parking|scrub|tattoo-friendly|"cold-bath,dry-sauna | outdoor-rest
삼부건강랜드보석사우나,서울특별시 은평구 증산로21길 11 지하1층 삼부건강랜드보석사우나,public-bath,gender-bath,40,44,19,88,48,10000,,dry-sauna|cold-bath|hot-bath|jjimjilbang|very-hot-bath|indoor-rest|parking|wet-sauna|dryer-free|tattoo-friendly,먼데이사우나 리뷰 DB / 대형찜질방 | 언제든 편하게 이용하기 좋은 동네 사우나
상관리조트&스파,전북특별자치도 완주군 상관면 죽림편백길 118-38,public-bath,gender-bath,40,43,17,58,55,9000,,dry-sauna|hot-bath|very-hot-bath|shampoo-bodywash|indoor-rest|parking|wet-sauna|dryer-free|tattoo-friendly,먼데이사우나 리뷰 DB / 호텔 사우나 | 온천탕너머 차창으로 보이던 나무와 햇살만으로도 사우나의 아쉬움이 덜했다
석정온천휴스파,전북특별자치도 고창군 고창읍 석정2로 173,public-bath,gender-bath,38,46,23,66,45,12000,,dry-sauna|hot-bath|cold-bath|very-hot-bath|outdoor-rest|parking|salt-sauna|wet-sauna|open-air-bath|dryer-paid|shampoo-bodywash|tattoo-friendly,먼데이사우나 리뷰 DB / 대중목욕탕 | 반값이면 괜찮다. 남편은 좀 더 나았다고 함.
석천24시사우나,경기도 의정부시 의정로40번길 21,public-bath,gender-bath,,,,,,11000,Y,bulgama|food|tattoo-friendly,먼데이사우나 리뷰
선수촌사우나,서울특별시 송파구 양재대로 1164 지하 1층,public-bath,gender-bath,,,,,,,,tattoo-friendly|"cold-bath,카톡 커뮤니티 언급 11회
성수불막사우나,서울특별시 성동구 동일로 143 성수1차대우아파트 지하1층,special,gender-bath,39,42,,,62,11000,,jjimjilbang|cold-bath|hot-bath|very-hot-bath|bulgama|parking|massage|wet-sauna|dryer-paid|tattoo-friendly,먼데이사우나 리뷰 DB / 불한증막 | 성수 인근 새벽 공연 관람 후 씻고 귀가하기에 최적의 동선과 환경. 새벽 공연 종료 후 인적 드문 시간에
성수탕,서울특별시 성동구 성덕정19길 11,small-bath,gender-bath,40,,20,90,,9000,,cold-bath|hot-bath|scrub|dryer-paid|dry-sauna|tattoo-friendly,먼데이사우나 리뷰 DB / 대중목욕탕 | 레트로 사우나를 즐기고 싶다면 성수탕으로 오세요~
성지연사우나,서울특별시 강남구 테헤란로 313 지하2층,public-bath,gender-bath,40,44,17,82,64,17000,,dry-sauna|cold-bath|hot-bath|sleep-room|very-hot-bath|indoor-rest|parking|wet-sauna|dryer-free|tattoo-friendly,먼데이사우나 리뷰 DB / 대중목욕탕 | 호텔 사우나 가격이 부담스러우면 여기 가면 됨.
센텀 스파랜드,부산광역시 해운대구 센텀남대로 35 신세계백화점센텀시티점,public-bath,gender-bath,,,,,,26000,,bulgama|cold-bath|dry-sauna|food|hot-bath|indoor-rest|jjimjilbang|massage|open-air-bath|parking|salt-sauna|self-loyly|very-hot-bath|wet-sauna|tattoo-friendly,bath.diary 부산 추천
소노캄 경주,경상북도 경주시 보문로 402-12 소노캄 경주,hotel-spa,gender-bath,38,42,19,70,58,50000,,dry-sauna|cold-bath|hot-bath|very-hot-bath|shampoo-bodywash|outdoor-rest|parking|wet-sauna|dryer-free|tattoo-friendly|"cold-bath,먼데이사우나 리뷰 DB / 호텔 사우나 | 사우나보단 워터파크에 가까운 레저형 웰니스 시설입니다.
소노캄 여수,전라남도 여수시 오동도로 111 1층 셰프스키친,public-bath,gender-bath,39,43,18,90,65,29000,,dry-sauna|cold-bath|hot-bath|very-hot-bath|shampoo-bodywash|outdoor-rest|indoor-rest|parking|open-air-bath|wet-sauna|massage|dryer-free|tattoo-friendly,먼데이사우나 리뷰 DB / 호텔 사우나 | 깔끔하고 잘리 잘 된 호텔사우나에서 남해 바다를 보며 노천 및 보장된 사우나 루틴을 즐길 수 있는 곳
청송 솔기온천,경상북도 청송군 청송읍 중앙로 315,public-bath,gender-bath,,,,,,,,hot-bath|indoor-rest|open-air-bath|parking|tattoo-friendly,카톡 커뮤니티 언급 8회
솔로사우나 레포,경기도 광명시 일직로 22 효성 해링턴타워 더퍼스트 309호,private-sauna,gender-bath,,,,,,120000,,cold-bath|dry-sauna|dryer-free|hot-bath|indoor-rest|parking|self-loyly|shampoo-bodywash|tattoo-friendly|"cold-bath,먼데이사우나 리뷰 DB / 프라이빗 사우나 | 사색을 위한 나만의 사우나로 제격
소노벨청송 솔샘온천,경상북도 청송군 주왕산면 소노로 38 소노벨 청송 지하3층,public-bath,gender-bath,38,44,20,82,42,20000,,dry-sauna|cold-bath|hot-bath|very-hot-bath|shampoo-bodywash|outdoor-rest|parking|open-air-bath|wet-sauna|dryer-free|tattoo-friendly,먼데이사우나 리뷰 DB / 대중목욕탕 | 청송의 고즈넉한 정취를 느끼기 위해 찾아갈 만한 사우나
더 리버사이드 호텔 더 메디스파,서울 서초구 강남대로107길 6,hotel-spa,gender-bath,,,16,98,,,,cold-bath|dry-sauna|food|hot-bath|indoor-rest|massage|open-air-bath|parking|scrub|sleep-room|wet-sauna|tattoo-friendly,dry-sauna | 냉탕온도(16도)로 생각보다 즐겁게 루틴|이전 냉탕온도(22-23도) 높았음|깨끗하다는 아니지만 더럽다는 아닌 정도의 관리
도미인 EXPRESS 서울 인사동,서울특별시 종로구 인사동길 20-9,hotel-spa,gender-bath,39,,18,85,,140000,,hot-bath|cold-bath|dry-sauna|tattoo-friendly|"cold-bath,dry-sauna | parking
설해원 온천사우나,강원특별자치도 양양군 손양면 공항로 230 설해온천 스파레벨(B1),hotel-spa,gender-bath,40,,20,,,,,dry-sauna|food|hot-bath|indoor-rest|open-air-bath|outdoor-rest|parking|shampoo-bodywash|wet-sauna|tattoo-friendly|"cold-bath,dry-sauna | very-hot-bath
광안해수월드,부산광역시 수영구 민락동 110-85,public-bath,gender-bath,,,,,,,,cold-bath|dry-sauna|hot-bath|ice-bath|jjimjilbang|outdoor-rest|parking|very-hot-bath|wet-sauna|tattoo-friendly,카톡 커뮤니티 언급 3회 | 시설 깔끔 물 좋음
그랜드 하얏트 인천,인천광역시 중구 영종해안남로321번길 208,hotel-spa,gender-bath,,41,20,,51,44000,,cold-bath|very-hot-bath|shampoo-bodywash|outdoor-rest|parking|wet-sauna|dryer-free|tattoo-friendly,먼데이사우나 리뷰 DB / 호텔 사우나 | 투숙할 때 잔깐 목욕하기엔 좋다
김녕용암해수사우나,제주특별자치도 제주시 구좌읍 김녕로21길 8,public-bath,gender-bath,,,,,,,,cold-bath|dry-sauna|hot-bath|tattoo-friendly,카톡 커뮤니티 언급 1회 | 제주 해수
능암탄산온천,충청북도 충주시 앙성면 새바지길 37,public-bath,gender-bath,39,43,25,61,,12000,,cold-bath|dry-sauna|dryer-free|food|hot-bath|indoor-rest|open-air-bath|parking|salt-sauna|self-loyly|towel|very-hot-bath|wet-sauna|tattoo-friendly,얼마전에 갔던 능암탄산온천은 같은 금액에 사용가능시간 (100초였던것으로 기억)이 차감되는 형식에 바람세기도 강해서 좋았습니다
도미인 서울 강남,서울특별시 강남구 봉은사로 134,hotel-spa,gender-bath,30,40,20,72,,,,dry-sauna|cold-bath|hot-bath|shampoo-bodywash|indoor-rest|parking|dryer-free|tattoo-friendly,먼데이사우나 리뷰 DB / 호텔 사우나 | 서울에서 일본감성을 느낄수있는 정적인 사우나로 제격!! 강추
동양사우나,서울특별시 은평구 가좌로7길 11,public-bath,gender-bath,,,,,,10000,Y,dry-sauna|hot-bath|cold-bath|jjimjilbang|very-hot-bath|bulgama|food|ice-bath|indoor-rest|salt-sauna|wet-sauna|parking|dryer-paid|tattoo-friendly,먼데이사우나 리뷰 DB / 대중목욕탕 | 크고 귀여워! 만 원에 목욕+찜질까지 할 수 있는 너그러운 동네 대중탕.
마포365구민센터,서울특별시 마포구 토정로 98,public-bath,gender-bath,38,43,10,80,50,10000,,dry-sauna|cold-bath|hot-bath|very-hot-bath|food|parking|ice-bath|wet-sauna|dryer-paid|tattoo-friendly,먼데이사우나 리뷰 DB / 대중목욕탕 | 마포구 사람들은 좋겠다
Midorinokaze Resort Kitayuzawa,300-2 Ōtakiku Kitayuzawaonsenchō  Date  ,public-bath,gender-bath,,,,,,,,dry-sauna|food|hot-bath|open-air-bath|outdoor-rest|parking|sleep-room|tattoo-friendly,카톡 커뮤니티 언급 4회 | 일본 명문 온천
보리여성불한증막,서울특별시 강남구 선릉로130길 20 삼성래미안2차상가 지하1층,public-bath,female-only,,,,,,,,bulgama|dryer-free|hot-bath|indoor-rest|scrub|towel|tattoo-friendly|"bulgama,카톡 커뮤니티 언급 8회 | 여성 불한증막 있음
블루오션웰니스스파,인천광역시 중구 자연대로 7 2층 201호,public-bath,gender-bath,,,,,,,,tattoo-friendly|dry-sauna,인천 남녀공용 찜질방
서울신라호텔,서울특별시 중구 동호로 249,hotel-spa,gender-bath,40,42,20,92,53,45000,,dry-sauna|cold-bath|hot-bath|very-hot-bath|shampoo-bodywash|scrub|indoor-rest|parking|wet-sauna|dryer-free|tattoo-friendly|"outdoor-rest,먼데이사우나 리뷰 DB / 호텔 사우나 | 세심한 관리와 극도의 배려가 느껴지는 최상급 VIP를 위한 도심 호텔형 사우나
호수사우나,충청남도 천안시 서북구 성성5로 121 1층2층,public-bath,gender-bath,38,42,19,88,60,10000,,dry-sauna|cold-bath|hot-bath|very-hot-bath|indoor-rest|parking|massage|wet-sauna|dryer-free|tattoo-friendly,먼데이사우나 리뷰 DB / 대중목욕탕 | 그래도 신생 목욕탕이 있다는게 어디야
황토와 소나무 불한증막,전북특별자치도 정읍시 신태인읍 고산1길 2 황솔찜질방,special,gender-bath,,,,,,11000,,bulgama|tattoo-friendly,먼데이사우나 리뷰
솔로사우나레포 노량진점,서울특별시 동작구 노들로2길 7 노량진드림스퀘어 A동 206호,private-sauna,gender-bath,,39,,80,,55000,,cold-bath|shampoo-bodywash|ice-bath|indoor-rest|massage|parking|dryer-free|dry-sauna|tattoo-friendly,먼데이사우나 리뷰 DB / 프라이빗 사우나 | 프라이빗 사우나의 정석. 24시간도 모자랄 것 같은 곳.
숲속한방랜드,서울특별시 서대문구 봉원사길 75-7,special,gender-bath,37,44,20,105,58,17000,,bulgama|dry-sauna|dryer-paid|food|hot-bath|jjimjilbang|massage|outdoor-rest|parking|scrub|very-hot-bath|wet-sauna|tattoo-friendly,먼데이사우나 리뷰 DB / 불한증막 | 목욕보다는 숯가마와 먹는 재미로 가는/ 체험형 찜질 공간 👍
더앤리조트스파,강원 양양군 현남면 개매길 260,public-bath,gender-bath,39,,19,67,,,,food|hot-bath|indoor-rest|open-air-bath|outdoor-rest|parking|sleep-room|tattoo-friendly|"cold-bath,카톡 커뮤니티 언급 10회 | 리조트 온천
송도해수온천 송해온,인천광역시 연수구 인천타워대로197번길 16 리치센트럴 지하1층 B102,public-bath,gender-bath,41,43,20,90,,12000,,dry-sauna|hot-bath|cold-bath|very-hot-bath|outdoor-rest|scrub|parking|salt-sauna|wet-sauna|dryer-free|tattoo-friendly,먼데이사우나 리뷰 DB / 대중목욕탕 | 고농도 해수 온천수에 대한 만족도는 확실히 높지만/ 요일과 시간대 선택이 중요해 보임
쉐르빌사우나,서울특별시 성동구 무학로6길 50,public-bath,gender-bath,39,45,24,,45,10000,,dry-sauna|hot-bath|cold-bath|jjimjilbang|very-hot-bath|food|ice-bath|indoor-rest|salt-sauna|wet-sauna|massage|parking|dryer-free|tattoo-friendly,먼데이사우나 리뷰 DB / 대형찜질방 | 어디 멀리가기 귀찮고 진짜 목욕만 하고 싶으면 갈 곳.
수안보파크호텔,충청북도 충주시 수안보면 탑골1길 36,public-bath,gender-bath,41,,20,67,,26000,,cold-bath|hot-bath|shampoo-bodywash|indoor-rest|parking|open-air-bath|dryer-free|dry-sauna|tattoo-friendly,먼데이사우나 리뷰 DB / 호텔 사우나 | 나만의 아지트로 삼고 싶은 조용한 은둔형 목욕탕
스파디움24,경기도 남양주시 다산순환로 20 다산현대프리미어캠퍼스 C동 B1층,public-bath,gender-bath,41,,21,77,,23000,Y,dry-sauna|cold-bath|hot-bath|jjimjilbang|sleep-room|bulgama|shampoo-bodywash|scrub|indoor-rest|parking|salt-sauna|dryer-free|tattoo-friendly|"cold-bath,먼데이사우나 리뷰 DB / 대형찜질방 | 찜질방계 최고의 휴식형 테마파크! 사우나 루틴은 잠시 내려두고 마음 가는대로 종일 뒹굴다 오자
수정사우나,서울특별시 서초구 반포대로21길 30 수정빌라,small-bath,gender-bath,,,,,,10000,,dry-sauna|cold-bath|hot-bath|very-hot-bath|wet-sauna|dryer-free|tattoo-friendly,먼데이사우나 리뷰 DB / 대중목욕탕 | 동네사람이면 가볼만하지만 굳이 멀리서 찾아갈만한 곳은 아니다
스파렉스 굿모닝시티,서울특별시 중구 장충단로 247 굿모닝시티 쇼핑몰 스파렉스 지하3층,public-bath,gender-bath,40,43,16,98,,14000,,dry-sauna|cold-bath|hot-bath|jjimjilbang|very-hot-bath|shampoo-bodywash|indoor-rest|parking|wet-sauna|dryer-free|tattoo-friendly,먼데이사우나 리뷰 DB / 대형찜질방 | 하루 종일 의식주 해결하며 편하게 생활하기 좋은 곳.
스파렉스 동묘,서울특별시 종로구 지봉로 19 13층,public-bath,gender-bath,39,41,22,94,,14000,Y,cold-bath|dry-sauna|dryer-free|food|hot-bath|indoor-rest|jjimjilbang|parking|scrub|shampoo-bodywash|sleep-room|very-hot-bath|wet-sauna|tattoo-friendly,먼데이사우나 리뷰 DB / 대형찜질방 | 가벼운 마음으로 홀로 시간 보내기 좋은 곳
스파마린,부산광역시 해운대구 마린시티2로 33 제니스스퀘어 상가 지하1층 스파마린,public-bath,gender-bath,,,,,,15000,,dry-sauna|tattoo-friendly,먼데이사우나 리뷰
스파앳홈 T2 인천공항 제2터미널점,인천광역시 중구 제2터미널대로 446 인천공항제2터미널 지하1층 서편,public-bath,gender-bath,,,,,,12000,,cold-bath|tattoo-friendly,먼데이사우나 리뷰
스플라스 온천 워터파크,충청남도 예산군 덕산면 온천단지3로 45-7,public-bath,gender-bath,37,43,24,75,45,15000,,dry-sauna|cold-bath|hot-bath|very-hot-bath|shampoo-bodywash|indoor-rest|parking|wet-sauna|dryer-free|tattoo-friendly,먼데이사우나 리뷰 DB / 호텔 사우나 | 워터파크 물놀이 간다 생각하면 매우 좋아요!
신북온천 리조트,경기도 포천시 신북면 청신로 571,public-bath,gender-bath,,42,,,,,,hot-bath|indoor-rest|jjimjilbang|open-air-bath|outdoor-rest|parking|tattoo-friendly|"cold-bath,카톡 커뮤니티 언급 22회 | 온천 커뮤니티 관심 높음
트리니티스파 신세계백화점센텀시티점,부산광역시 해운대구 센텀남대로 35 신세계백화점센텀시티점10F,hotel-spa,gender-bath,,,,,,,,dry-sauna|wet-sauna|tattoo-friendly,먼데이사우나 리뷰
아난티 앳 부산 코브,부산광역시 기장군 기장읍 기장해안로 268-32 아난티 앳 부산 코브,public-bath,gender-bath,40,43,21,82,40,20000,,dry-sauna|cold-bath|hot-bath|very-hot-bath|outdoor-rest|indoor-rest|parking|wet-sauna|dryer-free|tattoo-friendly|open-air-bath,먼데이사우나 리뷰 DB / 호텔 사우나 | 외모만 예쁜사람
아쿠아필드 고양,경기도 고양시 덕양구 고양대로 1955 스타필드 고양 4층,public-bath,gender-bath,40,44,25,82,,26000,,aufguss|cold-bath|dry-sauna|dryer-free|food|hot-bath|indoor-rest|jjimjilbang|parking|scrub|shampoo-bodywash|very-hot-bath|tattoo-friendly|"jjimjilbang,먼데이사우나 리뷰 DB / 대형찜질방 | 최고급 찜질방!
아쿠아필드 안성,경기도 안성시 공도읍 서동대로 3930-39 스타필드 안성 3층,public-bath,gender-bath,38,42,15,88,,26000,,dry-sauna|cold-bath|hot-bath|jjimjilbang|very-hot-bath|shampoo-bodywash|indoor-rest|parking|ice-bath|dryer-free|tattoo-friendly,먼데이사우나 리뷰 DB / 대형찜질방 | 한번즈음 가볼만.  사우나보다는 놀이공원에 가까운
아쿠아필드 하남,경기도 하남시 미사대로 750 스타필드 하남 3층,public-bath,gender-bath,39,40,22,,70,26000,,cold-bath|dryer-free|food|hot-bath|indoor-rest|jjimjilbang|massage|open-air-bath|outdoor-rest|parking|salt-sauna|self-loyly|shampoo-bodywash|very-hot-bath|wet-sauna|tattoo-friendly,먼데이사우나 리뷰 DB / 대형찜질방 | 인테리어는 확실히 좋아서 가볼 만하지만/ 탕과 사우나 온도는 크게 만족스럽지 않았고 무엇보다 사람이 너
안단테 찜질방 사우나,전라남도 장흥군 안양면 수문용곡로 270 1층  2층  3층,public-bath,gender-bath,38,41,,,,9000,,dry-sauna|cold-bath|hot-bath|jjimjilbang|very-hot-bath|outdoor-rest|indoor-rest|parking|wet-sauna|dryer-paid|tattoo-friendly,먼데이사우나 리뷰 DB / 대형찜질방 | 바다뷰 맛집 사우나
안동학가산온천,경상북도 안동시 서후면 학가산온천길 14,public-bath,gender-bath,37,41,20,72,41,6500,,cold-bath|hot-bath|sleep-room|very-hot-bath|indoor-rest|parking|open-air-bath|wet-sauna|dryer-free|tattoo-friendly,먼데이사우나 리뷰 DB / 대중목욕탕 | 가성비는 괜찮지만 딱 그만큼!
통도참숯가마,경상남도 양산시 상북면 공원로 291,public-bath,gender-bath,,,,,,,,bulgama|food|parking|tattoo-friendly,전국 찜질방 BEST 9
디오션 스파&사우나,전라남도 여수시 소호로 295 콘도 B2,public-bath,gender-bath,,,,,,14000,,hot-bath|very-hot-bath|cold-bath|dry-sauna|indoor-rest|tattoo-friendly,먼데이사우나 리뷰
히든베이호텔,전남 여수시 신월로 496-25,hotel-spa,gender-bath,,,,,,30000,,hot-bath|very-hot-bath|cold-bath|open-air-bath|dry-sauna|tattoo-friendly,먼데이사우나 리뷰
영빈호텔사우나,서울특별시 중구 퇴계로56길 18,public-bath,gender-bath,39,42,22,95,55,12000,,cold-bath|dry-sauna|dryer-free|hot-bath|indoor-rest|parking|scrub|shampoo-bodywash|very-hot-bath|wet-sauna|tattoo-friendly,먼데이사우나 리뷰 DB / 대중목욕탕 | 로컬 사우나 근본 느낌 | 고독한사우너 멱살캐리 베스트 5
영진목욕탕사우나,서울특별시 양천구 목동중앙북로14길 6,small-bath,gender-bath,,,,,,9000,,cold-bath|hot-bath|very-hot-bath|indoor-rest|dryer-paid|tattoo-friendly,먼데이사우나 리뷰 DB / 대중목욕탕 | 사라지지 않았으면 좋겠는 귀엽고 깨끗하고 따뜻한 동네 목욕탕
오라카이 청계산 호텔 사우나,서울특별시 서초구 청계산로9길 1-7 지하1층,public-bath,gender-bath,40,44,20,85,50,24000,,cold-bath|dry-sauna|dryer-free|hot-bath|indoor-rest|parking|shampoo-bodywash|very-hot-bath|wet-sauna|tattoo-friendly|"cold-bath,먼데이사우나 리뷰 DB / 호텔 사우나 | 청계산 등반 후 완벽한 코스
오레브핫스프링앤스파,제주특별자치도 서귀포시 태평로 152 오레브핫스프링앤스파,hotel-spa,gender-bath,35,41,18,76,,55000,,jjimjilbang|cold-bath|very-hot-bath|shampoo-bodywash|outdoor-rest|parking|open-air-bath|dryer-free|dry-sauna|tattoo-friendly,먼데이사우나 리뷰 DB / 호텔 사우나 | 제주도에 오신다면 한번쯤.. 이 아니라 무조건 가시라요~
오성건강랜드,서울특별시 서대문구 모래내로 143 창덕에버빌,public-bath,gender-bath,40,42,26,84,,12000,,dry-sauna|cold-bath|hot-bath|very-hot-bath|ice-bath|indoor-rest|salt-sauna|parking|dryer-paid|wet-sauna|tattoo-friendly,먼데이사우나 리뷰 DB / 대중목욕탕 | 이 구역의 가장 큰 목욕탕은 나야
오션스파,경기도 양주시 부흥로 1938 5층,public-bath,gender-bath,38,42,21,81,,11000,,dry-sauna|cold-bath|hot-bath|jjimjilbang|very-hot-bath|parking|wet-sauna|dryer-free|tattoo-friendly,먼데이사우나 리뷰 DB / 대형찜질방 | 좋은 동네 찜질방
옥정스파24시사우나,경기도 양주시 옥정동로7다길 62 대길프라자 8층 옥정스파24시사우나,public-bath,gender-bath,40,44,20,96,43,12000,Y,dry-sauna|cold-bath|hot-bath|jjimjilbang|very-hot-bath|scrub|towel|ice-bath|indoor-rest|parking|wet-sauna|dryer-free|tattoo-friendly,먼데이사우나 리뷰 DB / 대형찜질방 | 양주/동두천 쪽에 산다면 무조건 단골되는 깨끗한 신축 신도시 사우나. 근처 오시면 꼭 와보시길!
온양관광호텔,충청남도 아산시 온천대로 1459,public-bath,gender-bath,40,43,20,70,70,12000,,dry-sauna|cold-bath|hot-bath|very-hot-bath|shampoo-bodywash|outdoor-rest|parking|open-air-bath|wet-sauna|dryer-free|tattoo-friendly,먼데이사우나 리뷰 DB / 호텔 사우나 | 역시 온양온천! 온천수와 노천탕이 이름값 한다.
온양온천랜드,충청남도 아산시 삼동로28번길 46 온양온천랜드,public-bath,gender-bath,41,44,,68,,10000,,dry-sauna|cold-bath|hot-bath|very-hot-bath|towel|indoor-rest|parking|open-air-bath|wet-sauna|dryer-free|tattoo-friendly,먼데이사우나 리뷰 DB / 대중목욕탕 | 밸런스가 좋은 올라운드 플레이어. 특히 아이동반이라면 강추
우리유황온천,서울특별시 광진구 자양로5길 33 지하2층,public-bath,gender-bath,40,44,20,100,55,12000,,bulgama|cold-bath|dry-sauna|dryer-free|hot-bath|ice-room|indoor-rest|jjimjilbang|massage|parking|scrub|very-hot-bath|wet-sauna|tattoo-friendly|"bulgama,먼데이사우나 리뷰 DB / 대중목욕탕 | 서울 한복판에서 즐기는 온천 최고!
우영탕,서울특별시 강북구 삼양로92길 23,small-bath,gender-bath,,,,,,9000,,hot-bath|cold-bath|dry-sauna|tattoo-friendly,먼데이사우나 리뷰
그랜드워커힐서울,서울특별시 광진구 광장동 22-1 그랜드워커힐 서울,hotel-spa,gender-bath,,,,,,,,dry-sauna|hot-bath|parking|tattoo-friendly,카톡 커뮤니티 언급 2회 | 호텔 사우나
원성탕,충청남도 천안시 동남구 원거리6길 25,small-bath,gender-bath,,,,,,8000,,hot-bath|cold-bath|tattoo-friendly,먼데이사우나 리뷰
월문온천휴양지,경기도 화성시 만세구 팔탄면 버들로1597번길 5,public-bath,gender-bath,,,,,,,,hot-bath|indoor-rest|open-air-bath|parking|tattoo-friendly,카톡 커뮤니티 언급 9회
웨스틴 조선 서울,서울특별시 중구 소공로 106,hotel-spa,gender-bath,40,43,18,88,53,,,hot-bath|cold-bath|dry-sauna|wet-sauna|scrub|massage|indoor-rest|shampoo-bodywash|dryer-free|tattoo-friendly|"cold-bath,5성급 호텔 사우나 | 5성급 호텔 특유의 차분함과 위생/ 온기 세신 브랜드 운영
위례파크 사우나,경기도 성남시 수정구 위례광장로 19 아이페리온 지하1층,public-bath,gender-bath,,,,,,,,dry-sauna|hot-bath|jjimjilbang|tattoo-friendly,카톡 커뮤니티 언급 4회
유림탕쑥사우나,부산광역시 동래구 명안로 23-1,small-bath,gender-bath,,,,,,7000,,tattoo-friendly,먼데이사우나 리뷰
유성온천대온탕,대전광역시 유성구 온천로 33,public-bath,gender-bath,39,42,21,90,55,10000,,dry-sauna|cold-bath|hot-bath|indoor-rest|parking|wet-sauna|dryer-paid|tattoo-friendly,먼데이사우나 리뷰 DB / 대중목욕탕 | 대전의 터줏대감 온천이 오랜 시간 위엄을 지켜온 이유
유성온천불가마사우나,대전광역시 유성구 계룡로113번길 76,public-bath,gender-bath,41,44,17,70,55,10000,,dry-sauna|cold-bath|jjimjilbang|outdoor-rest|parking|open-air-bath|wet-sauna|massage|dryer-free|tattoo-friendly,먼데이사우나 리뷰 DB / 대형찜질방 | 하루 시간내기에 아깝지 않다.
유성온천사이언스,대전광역시 유성구 온천로 60 유성사이언스타운 2층,public-bath,gender-bath,42,,21,64,,,,cold-bath|very-hot-bath|indoor-rest|parking|dryer-free|dry-sauna|wet-sauna|tattoo-friendly,
유진사우나,서울특별시 서대문구 세무서5길 35,small-bath,gender-bath,,,,,,,,tattoo-friendly,카톡 커뮤니티 언급 6회
율암온천,경기도 화성시 팔탄면 온천로 434-14,public-bath,gender-bath,40,44,16,90,,16000,,cold-bath|hot-bath|very-hot-bath|bulgama|outdoor-rest|food|parking|ice-bath|open-air-bath|dryer-free|dry-sauna|wet-sauna|tattoo-friendly|"bulgama,먼데이사우나 리뷰 DB / 불한증막 | 수도권 근방 수질 1등 노천탕 보유 사우나
이천 테르메덴,경기도 이천시 모가면 사실로 984,hotel-spa,gender-bath,38,40,22,82,,55000,,jjimjilbang|dry-sauna|hot-bath|very-hot-bath|shampoo-bodywash|parking|open-air-bath|dryer-free|tattoo-friendly,먼데이사우나 리뷰 DB / 대중목욕탕 | 분위기 깡패. 데이트나 가족 휴양으로는 끝판왕!
일죽목욕탕,경기도 안성시 일죽면 주래본죽로 6,small-bath,gender-bath,37,39,20,75,,6000,,dry-sauna|cold-bath|hot-bath|very-hot-bath|parking|dryer-free|tattoo-friendly,먼데이사우나 리뷰 DB / 대중목욕탕 | 콘셉트는 흥미롭지만/ 사우나의 본질과 운영이 따라주지 못한 ‘반쪽짜리 실험 공간’
장흥 참숯가마,경기도 양주시 장흥면 권율로 400,public-bath,gender-bath,,,,,,18000,,bulgama|food|tattoo-friendly,먼데이사우나 리뷰
제일유황온천,경기도 포천시 일동면 화동로 1210,public-bath,gender-bath,,,,,,,,hot-bath|jjimjilbang|parking|tattoo-friendly|"indoor-rest,open-air-bath"
제주온쉼,제주특별자치도 제주시 조천읍 조천3길 17,private-sauna,gender-bath,,,,68,,25000,,outdoor-rest|dry-sauna|dryer-free|shampoo-bodywash|tattoo-friendly,먼데이사우나 리뷰 DB / 프라이빗 사우나 | 제주 바다를 감상하며 사우나를 하기에 좋은 곳
조선 팰리스 서울 강남,서울특별시 강남구 테헤란로 231 센터필드타워 웨스트동,hotel-spa,gender-bath,41,,19,87,58,44000,,dry-sauna|cold-bath|hot-bath|parking|wet-sauna|dryer-free|tattoo-friendly|"cold-bath,먼데이사우나 리뷰 DB / 호텔 사우나 | 시설의 혁신보다는 인적 서비스로 객단가를 증명하는 '기본에 충실한 럭셔리'
주신사우나,서울특별시 중구 마장로9길 33,small-bath,gender-bath,,,,,,,,tattoo-friendly,카톡 커뮤니티 언급 3회 | 동묘 근처 추천
주심유황참숯가마,경기도 하남시 초광로 169,public-bath,gender-bath,,,,,,,,dry-sauna|hot-bath|jjimjilbang|bulgama|tattoo-friendly,서울 송파 노천탕 유황온천
죽전누리사우나,경기도 용인시 기흥구 죽전로 20 누리에뜰 A동 지하 1층,public-bath,gender-bath,,,,,,12000,,hot-bath|parking|very-hot-bath|cold-bath|dry-sauna|tattoo-friendly,먼데이사우나 리뷰
진천스카이사우나,충청북도 진천군 진천읍 포석길 17,public-bath,gender-bath,30,42,18,77,49,9000,,dry-sauna|cold-bath|hot-bath|very-hot-bath|outdoor-rest|scrub|indoor-rest|parking|open-air-bath|wet-sauna|dryer-paid|tattoo-friendly,먼데이사우나 리뷰 DB / 대중목욕탕 | 왜 우리집 앞에 없니
척산온천휴양촌,강원특별자치도 속초시 관광로 327,public-bath,gender-bath,,,,,,,,tattoo-friendly|"cold-bath,강원 온천 커뮤니티 추천
천성산온천레포츠,경상남도 양산시 평산북2길 28,public-bath,gender-bath,37,45,20,55,47,10000,,dry-sauna|cold-bath|hot-bath|sleep-room|very-hot-bath|indoor-rest|parking|wet-sauna|dryer-paid|tattoo-friendly,먼데이사우나 리뷰 DB / 대중목욕탕 | 나의 최애 카페 사장님과 달리기 후 사우나 딱 거기까지🙃
천지사우나,경상북도 경주시 금성로259번길 27,public-bath,gender-bath,,,,,,7500,,jjimjilbang|tattoo-friendly,먼데이사우나 리뷰
천호목욕탕,서울특별시 마포구 망원로7길 23,small-bath,gender-bath,,,,,,10000,,hot-bath|cold-bath|very-hot-bath|tattoo-friendly,먼데이사우나 리뷰
청춘목욕탕,경기도 성남시 분당구 내정로 29 금곡프라자빌딩 지하1층,small-bath,gender-bath,,,,,,,,cold-bath|dry-sauna|hot-bath|tattoo-friendly|"cold-bath,먼데이사우나 커뮤니티 극찬 (32회 언급) | 고독한사우너 멱살캐리 베스트 5
초정약수원탕,충청북도 청주시 청원구 내수읍 미원초정로 1357,public-bath,gender-bath,41,43,,100,,11000,,dry-sauna|cold-bath|hot-bath|very-hot-bath|bulgama|towel|indoor-rest|parking|open-air-bath|dryer-free|tattoo-friendly,먼데이사우나 리뷰 DB / 대중목욕탕 | 차가운 탄산온천은 몸과 정신이 번쩍 살아나게 만든다.
코오롱 호텔,경상북도 경주시 불국로 289-17,public-bath,gender-bath,39,43,21,80,,22000,,dry-sauna|cold-bath|hot-bath|very-hot-bath|parking|dryer-paid|shampoo-bodywash|tattoo-friendly,먼데이사우나 리뷰 DB / 호텔 사우나 | 물은 좋지만 동선과 구성에서 아쉬움이 남는/ 욕탕 중심으로 가볍게 즐기기 좋은 사우나
클럽디오아시스 스파&워터파크,부산광역시 해운대구 달맞이길 30 엘시티,hotel-spa,gender-bath,,,,,,54000,,bulgama|cold-bath|dry-sauna|food|hot-bath|ice-room|indoor-rest|jjimjilbang|open-air-bath|outdoor-rest|parking|salt-sauna|very-hot-bath|tattoo-friendly,bath.diary 부산 추천
클럽케이서울,서울특별시 강남구 선릉로 524 지하 1층  2층,public-bath,gender-bath,40,,20,84,68,13000,Y,cold-bath|dry-sauna|dryer-free|food|hot-bath|ice-room|indoor-rest|jjimjilbang|parking|salt-sauna|shampoo-bodywash|sleep-room|very-hot-bath|wet-sauna|workspace|tattoo-friendly|"cold-bath,먼데이사우나 리뷰 DB / 대중목욕탕 | 위치부터 금액까지 버릴 것 하나 없는/ 운동인의 진정한 힐링 성지
우이령불가마주쉼사우나,서울특별시 강북구 삼양로179길 212-22 주쉼사우나,public-bath,gender-bath,,,11,87,67,,,bulgama|jjimjilbang|tattoo-friendly|"bulgama,cold-bath | very-hot-bath
유천스파,강원특별자치도 강릉시 선수촌로 64-4,public-bath,gender-bath,36,42,22,92,68,,,tattoo-friendly|"bulgama|hot-bath|very-hot-bath|cold-bath|dry-sauna|wet-sauna|jjimjilbang|salt-sauna,카톡 커뮤니티 언급 6회
안토,서울 강북구 삼양로 689,hotel-spa,gender-bath,38,41,19,75,51,,,cold-bath|dry-sauna|hot-bath|indoor-rest|parking|wet-sauna|tattoo-friendly|"bulgama|very-hot-bath,서울 성북 프라이빗 사우나 | 리조트형 프라이빗 사우나
태화강참숯가마,울산광역시 울주군 언양읍 대암둔기로 82 태화강참숯가마,special,gender-bath,,,,,,17000,,jjimjilbang|bulgama|food|indoor-rest|parking|dryer-paid|tattoo-friendly,먼데이사우나 리뷰 DB / 불한증막 | 아무 생각없이 땀 흘리고 싶다면 강력추천
풍림24시불가마사우나,서울특별시 마포구 마포대로 127,public-bath,gender-bath,40,44,21,78,54,10000,,bulgama|cold-bath|dry-sauna|dryer-paid|hot-bath|ice-bath|indoor-rest|jjimjilbang|massage|parking|scrub|very-hot-bath|wet-sauna|tattoo-friendly|"dry-sauna,먼데이사우나 리뷰 DB / 대중목욕탕 | 시설은 아쉽지만/ 근처에 있다면 무난하게 이용할 수 있는 동네 사우나
할매탕,부산광역시 해운대구 중동2로10번길 7,public-bath,gender-bath,42,45,10,97,,13000,,dry-sauna|cold-bath|hot-bath|very-hot-bath|scrub|ice-bath|indoor-rest|parking|dryer-free|tattoo-friendly,먼데이사우나 리뷰 DB / 대중목욕탕 | 시설 깔끔 직원 친절 세신 완벽 음료 기부 끝 | 가족탕 가능
혜우사우나,서울특별시 서대문구 신촌역로 10 B2 혜우사우나,public-bath,gender-bath,,,,,,11000,,hot-bath|scrub|cold-bath|very-hot-bath|tattoo-friendly,먼데이사우나 리뷰
휘경인삼사우나,서울특별시 동대문구 망우로 123 휘경인삼사우나,public-bath,gender-bath,,,,,,10000,,dry-sauna|food|hot-bath|jjimjilbang|scrub|tattoo-friendly,카톡 커뮤니티 언급 6회 | 인삼 냄새/ 세신사 관리 좋음 | 고독한사우너 멱살캐리 베스트 5
하이디하우스,서울특별시 서초구 성촌4길 11,hotel-spa,gender-bath,38,,19,70,45,,,cold-bath|dry-sauna|food|hot-bath|massage|open-air-bath|parking|self-loyly|wet-sauna|tattoo-friendly|"cold-bath,dry-sauna | wet-sauna"
파주가야랜드,경기도 파주시 법원읍 사임당로 674,public-bath,gender-bath,40,42,20,92,68,11000,,dry-sauna|cold-bath|hot-bath|sleep-room|very-hot-bath|outdoor-rest|parking|open-air-bath|dryer-free|wet-sauna|tattoo-friendly,먼데이사우나 리뷰 DB / 대중목욕탕 | 파주에 네이처스파말고 다른 곳을 찾는다면 가볼만한 사우나
프라임노다지사우나,서울특별시 광진구 광나루로56길 5 프라임프라자 지하2층,public-bath,gender-bath,41,43,12,76,,11000,,dry-sauna|cold-bath|hot-bath|very-hot-bath|indoor-rest|parking|wet-sauna|dryer-free|tattoo-friendly,먼데이사우나 리뷰 DB / 대중목욕탕 | 광진구 쪽에 산다면 굳이 찾아와봐도 좋을만큼 가치가 있다.
하이렉스파불한증막사우나,서울특별시 노원구 노원로1길 67,special,gender-bath,40,43,,71,58,11000,,dry-sauna|hot-bath|cold-bath|jjimjilbang|very-hot-bath|bulgama|outdoor-rest|ice-bath|parking|salt-sauna|wet-sauna|open-air-bath|dryer-paid|tattoo-friendly,먼데이사우나 리뷰 DB / 불한증막 | 이 동네 사랑방 아닐까 싶은 복합 사우나+문화 공간
해미안녹차해수사우나,제주특별자치도 제주시 일주서로 7353,public-bath,gender-bath,,,,,,11000,,dry-sauna|cold-bath|hot-bath|very-hot-bath|food|indoor-rest|parking|wet-sauna|dryer-paid|tattoo-friendly|"cold-bath,먼데이사우나 리뷰 DB / 대중목욕탕 | 바다 통창 뷰와 해수라서 좋음
힐스파,부산광역시 해운대구 달맞이길117번길 11 힐스파,public-bath,gender-bath,,,,,,,Y,cold-bath|dry-sauna|food|hot-bath|ice-bath|ice-room|jjimjilbang|outdoor-rest|parking|scrub|sleep-room|very-hot-bath|wet-sauna|tattoo-friendly|"cold-bath,카톡 커뮤니티 언급 4회 | 오래됐지만 깨끗/ 프라이드 유지
스파바이록시땅앳파크로쉬,강원특별자치도 정선군 중봉길 9-12 파크로쉬,hotel-spa,gender-bath,40,43,20,88,46,,,dry-sauna|hot-bath|cold-bath|very-hot-bath|shampoo-bodywash|outdoor-rest|parking|salt-sauna|wet-sauna|open-air-bath|dryer-free|tattoo-friendly|"dry-sauna,먼데이사우나 리뷰 DB / 호텔 사우나 | 웰니스의 정석
프리마스파,서울특별시 강남구 도산대로102길 10,hotel-spa,gender-bath,41,43,17,98,48,28000,,cold-bath|dry-sauna|dryer-free|food|hot-bath|ice-bath|massage|open-air-bath|outdoor-rest|parking|scrub|shampoo-bodywash|sleep-room|wet-sauna|tattoo-friendly|"cold-bath,먼데이사우나 리뷰 DB / 호텔 사우나 | 여행가기는 피곤한데 여행간거처럼 피로풀고 싶을 때 강추
한별불가마사우나,서울특별시 강동구 동남로75길 13-10,public-bath,gender-bath,,,,,,,,bulgama|dry-sauna|hot-bath|jjimjilbang|tattoo-friendly,에스콰이어 서울 BEST 사우나
해피황토사우나,서울특별시 은평구 갈현로3길 15,public-bath,gender-bath,,,,,,,,bulgama|dry-sauna|hot-bath|jjimjilbang|tattoo-friendly,서울 응암 암반수 냉탕
호텔탑스텐 금진온천,강원특별자치도 강릉시 옥계면 헌화로 455-34 호텔탑스텐 1층,hotel-spa,gender-bath,,,,,,,,cold-bath|hot-bath|parking|shampoo-bodywash|tattoo-friendly|"dry-sauna,hot-bath | wet-sauna"
송파파크하비오워터킹덤워터파크&찜질스파,서울특별시 송파구 송파대로 111 202동 지하1층,public-bath,gender-bath,40,40,17,75,45,15000,,dry-sauna|cold-bath|hot-bath|jjimjilbang|very-hot-bath|parking|wet-sauna|dryer-free|tattoo-friendly,먼데이사우나 리뷰 DB / 대형찜질방 | 금액 대비 만족도는 아쉬운 편
필례 게르마늄 온천,강원특별자치도 인제군 인제읍 필례약수길 72,public-bath,gender-bath,,,,,,,,tattoo-friendly,강원 온천 추천
한신옥사우나,서울특별시 성동구 왕십리로31나길 18,small-bath,gender-bath,38,42,20,105,,8000,,dry-sauna|cold-bath|hot-bath|very-hot-bath|indoor-rest|dryer-free|tattoo-friendly,먼데이사우나 리뷰 DB / 대중목욕탕 | 시설은 오래되었어도 갖출건 갖춘 곳
허심청,부산광역시 동래구 온천장로107번길 32 허심청,public-bath,gender-bath,40,45,,80,50,15000,,bulgama|cold-bath|dry-sauna|dryer-free|food|hot-bath|indoor-rest|jjimjilbang|massage|open-air-bath|outdoor-rest|parking|salt-sauna|scrub|towel|very-hot-bath|wet-sauna|tattoo-friendly|"bulgama,cold-bath | 있는 것도 좋아요 수질도 매끈하고요 청결상태나 시설이 좀 아쉽지만 콘텐츠 자체가 좋기에 종|수질도 매끈하고요 청결상태나 시
홍삼스파 참숯가마 사우나,경기도 파주시 탄현면 갈현리,public-bath,gender-bath,,,,,,,,bulgama|food|hot-bath|ice-room|indoor-rest|jjimjilbang|parking|salt-sauna|tattoo-friendly,가야랜드는 6시넘으면 못들어가십니다. 9to6 직장인이시라면|막힌집이 있었는데 폐업해서… 근처 통일동산쪽에 최고야짬뽕 맛있습니다"
아라고나이트 고온천,제주특별자치도 서귀포시 안덕면 산록남로 762번길 71,hotel-spa,gender-bath,,,,,,,,hot-bath|open-air-bath|outdoor-rest|parking|tattoo-friendly,디아넥스호텔 부대시설. 수영장+노천탕+사우나. 가족추천. 사전예약필수
한화리조트 산정호수 온천,경기도 포천시 영북면 산정호수로 402 산정호수한화콘도미니엄,public-bath,gender-bath,40,42,17,70,,16000,,dry-sauna|cold-bath|hot-bath|very-hot-bath|shampoo-bodywash|towel|indoor-rest|parking|dryer-free|tattoo-friendly,먼데이사우나 리뷰 DB / 호텔 사우나 | 온천물은 완전 최고! 사우나는 완전 별로.
현대월드대중사우나,서울특별시 양천구 목동서로 77 현대월드타워 지하 118호,public-bath,gender-bath,40,42,,57,58,5000,,dry-sauna|hot-bath|cold-bath|very-hot-bath|bulgama|ice-bath|parking|wet-sauna|dryer-paid|tattoo-friendly,먼데이사우나 리뷰 DB / 대중목욕탕 | 목욕비 5천원의 행복! 시설/ 위치/ 분위기 모두 중상급의 대중목욕탕
황금스파,서울특별시 중구 청계천로 400 롯데캐슬베네치아,public-bath,gender-bath,39,44,16,86,51,14000,Y,dry-sauna|hot-bath|cold-bath|jjimjilbang|very-hot-bath|sleep-room|bulgama|food|ice-bath|indoor-rest|salt-sauna|wet-sauna|parking|dryer-free|tattoo-friendly|dryer-paid|towel|ice-room|scrub|open-air-bath,먼데이사우나 리뷰 DB / 대형찜질방 | 다소 광기가 느껴질 만큼 컨셉에도 진심/ 사우나에도 진심이었던 곳. 평일 방문 추천!
힐튼호텔 경주,경상북도 경주시 보문로 484-7,hotel-spa,gender-bath,42,,20,89,59,33000,,dry-sauna|cold-bath|hot-bath|outdoor-rest|parking|salt-sauna|wet-sauna|open-air-bath|dryer-paid|shampoo-bodywash|tattoo-friendly,먼데이사우나 리뷰 DB / 호텔 사우나 | 대나무 숲을 품은 힐링 스팟/ 경주에서 가장 우아하게 몸을 푸는 방법
나무향기 한증막,강원특별자치도 춘천시 스포츠타운길433번길 10 나무향기 한증막,special,mixed,,,,,,12000,,bulgama|tattoo-friendly|outdoor-rest|indoor-rest|parking|towel|food,탕 없는 불가마 전문
레몬사우나,서울특별시 광진구 광나루로 635,small-bath,gender-bath,40,40,15,,64,11000,,hot-bath|very-hot-bath|cold-bath|dry-sauna|wet-sauna|indoor-rest|scrub|tattoo-friendly|shampoo-bodywash|"cold-bath,리뉴얼한 동네 목욕탕의 정석. 온탕에 진짜 레몬이 둥둥. 수질 중상/ 관리 깨끗. 건식93도 습식64도. 냉탕 얕음(정강이). 건식 바닥 뜨거움
레몬사우나,서울특별시 광진구 광나루로 635,small-bath,gender-bath,,,15,93,63,,,hot-bath|very-hot-bath|cold-bath|dry-sauna|wet-sauna|indoor-rest|scrub|tattoo-friendly|shampoo-bodywash|"cold-bath,
대영온천,부산광역시 남구 황령대로492번길 10,public-bath,gender-bath,40,,18,94,,,,cold-bath|dry-sauna|hot-bath|parking|scrub|very-hot-bath|tattoo-friendly|"cold-bath,카톡 커뮤니티 언급 8회 | 해수+민물 조합
쉐레이암반수사우나,서울특별시 종로구 진흥로 432 1층,public-bath,gender-bath,42,45,18,95,65,12000,,very-hot-bath|indoor-rest|cold-bath|wet-sauna|parking|dryer-paid|hot-bath|dry-sauna|jjimjilbang|tattoo-friendly|"aufguss,에스콰이어 서울 BEST 사우나 | 고독한사우너 멱살캐리 베스트 5 | 먼데이사우나 리뷰 DB / 대중목욕탕 | 오래도록 찾던 궁극의 동네목욕탕